Year,YoungID,MotherID,East,GroupSize,RelFemAlong,FIDJuv,Observer,Sex,AgeatObs,TestNumber,DifferenceDays,DataFile,FIDAdFem
2017,1001,510,8202,6,Mum,4,Weliton,F,1,1,500,JuvFID,NA
2017,1001,510,8089,3,0,11,Weliton,F,1,2,2,JuvFID,NA
2018,1001,510,8173,1,0,10,Weliton,F,2,3,94,JuvFID,NA
2018,1001,510,8143,1,0,9,Weliton,F,2,4,154,JuvFID,NA
2018,1001,510,8017,2,0,4,Weliton,F,2,5,46,JuvFID,NA
2017,1008,824,7724,2,Mum,21,Weliton,F,1,1,500,JuvFID,NA
2017,1008,824,8040,2,Mum,11,Weliton,F,1,2,7,JuvFID,NA
2018,1008,824,7788,1,0,18,Weliton,F,2,3,270,JuvFID,NA
2018,1008,824,7510,3,0,10,Weliton,F,2,4,46,JuvFID,NA
2018,1017,666,7516,2,Mum,3,Weliton,M,1,1,500,JuvFID,NA
2018,1017,666,7408,2,Mum,6,Weliton,M,1,2,4,JuvFID,NA
2018,1017,666,7007,2,Mum,1,Weliton,M,1,3,154,JuvFID,NA
2018,1017,666,7306,1,0,1,Weliton,M,1,4,15,JuvFID,NA
2018,1019,807,7361,2,Mum,8,Weliton,M,1,1,500,JuvFID,NA
2018,1019,807,7418,1,0,8,Weliton,M,1,2,1,JuvFID,NA
2018,1019,807,7218,4,Mum,3,Weliton,M,1,3,156,JuvFID,NA
2018,1019,807,7334,1,0,1,Weliton,M,1,4,15,JuvFID,NA
2018,1019,807,7332,2,0,3,Weliton,M,1,5,2,JuvFID,NA
2018,1019,807,7444,2,0,1,Weliton,M,1,6,17,JuvFID,NA
2019,1019,807,7413,1,0,7,Weliton,M,2,7,192,JuvFID,NA
2019,1019,807,7387,2,0,7,Weliton,M,2,8,0,JuvFID,NA
2018,1026,915,8138,1,0,16,Weliton,F,1,1,500,JuvFID,NA
2018,1026,915,7866,2,0,9,Weliton,F,1,2,4,JuvFID,NA
2018,1026,915,8093,2,Mum,12,Weliton,F,1,3,2,JuvFID,NA
2018,1026,915,7958,2,0,10,Weliton,F,1,4,159,JuvFID,NA
2018,1026,915,8094,2,0,9,Weliton,F,1,5,12,JuvFID,NA
2019,1026,915,7661,1,0,8,Weliton,F,2,6,193,JuvFID,NA
2019,1026,915,8090,2,0,6,Weliton,F,2,7,6,JuvFID,NA
2018,1031,612,6957,4,Mum,13,Weliton,M,1,1,500,JuvFID,NA
2018,1031,612,6864,2,Mum,11,Weliton,M,1,2,176,JuvFID,NA
2018,1031,612,7170,2,Mum,8,Weliton,M,1,3,15,JuvFID,NA
2019,1031,612,7078,2,0,8,Weliton,M,2,4,186,JuvFID,NA
2018,1039,1038,8294,1,0,16,Weliton,M,1,1,500,JuvFID,NA
2018,1039,1038,8157,3,Mum,9,Weliton,M,1,2,5,JuvFID,NA
2018,1039,1038,7944,3,Mum,10,Weliton,M,1,3,171,JuvFID,NA
2018,1039,1038,7926,2,Mum,15,Weliton,M,1,4,2,JuvFID,NA
2019,1039,1038,7798,3,0,10,Weliton,M,2,5,193,JuvFID,NA
2019,1039,1038,8159,5,0,7,Weliton,M,2,6,3,JuvFID,NA
2018,1042,125,7962,1,0,1,Weliton,M,1,1,500,JuvFID,NA
2018,1042,125,7830,1,0,0.5,Weliton,M,1,2,1,JuvFID,NA
2018,1043,623,7764,4,Mum,5,Weliton,M,1,1,500,JuvFID,NA
2018,1043,623,7506,2,0,7,Weliton,M,1,2,3,JuvFID,NA
2018,1043,623,7543,1,0,8,Weliton,M,1,3,152,JuvFID,NA
2018,1043,623,7698,1,0,8,Weliton,M,1,4,18,JuvFID,NA
2019,1043,623,7534,1,0,7,Weliton,M,2,5,180,JuvFID,NA
2019,1043,623,7728,2,0,4,Weliton,M,2,6,19,JuvFID,NA
2018,1044,471,7455,2,0,10,Weliton,F,1,1,500,JuvFID,NA
2018,1044,471,7365,5,Mum,12,Weliton,F,1,2,2,JuvFID,NA
2018,1044,471,7459,2,Mum,7,Weliton,F,1,3,155,JuvFID,NA
2018,1044,471,7667,3,Mum,10,Weliton,F,1,4,24,JuvFID,NA
2018,1044,471,7373,2,Mum,5,Weliton,F,1,5,17,JuvFID,NA
2019,1044,471,7264,1,0,17,Weliton,F,2,6,156,JuvFID,NA
2019,1044,471,7508,1,0,14,Weliton,F,2,7,18,JuvFID,NA
2018,1045,206,7554,2,Mum,7,Weliton,F,1,1,500,JuvFID,NA
2018,1045,206,7560,2,Mum,5,Weliton,F,1,2,3,JuvFID,NA
2018,1045,206,7715,1,0,6,Weliton,F,1,3,2,JuvFID,NA
2018,1045,206,7374,2,Mum,5,Weliton,F,1,4,152,JuvFID,NA
2018,1045,206,7623,2,Mum,2,Weliton,F,1,5,19,JuvFID,NA
2019,1045,206,7495,1,0,6,Weliton,F,2,6,174,JuvFID,NA
2019,1045,206,7052,1,0,4,Weliton,F,2,7,20,JuvFID,NA
2018,1048,647,7725,2,Mum,6,Weliton,M,1,1,500,JuvFID,NA
2018,1048,647,7912,1,0,6,Weliton,M,1,2,10,JuvFID,NA
2018,1048,647,8041,3,Mum,4,Weliton,M,1,3,150,JuvFID,NA
2018,1048,647,7865,2,Mum,6,Weliton,M,1,4,11,JuvFID,NA
2018,1048,647,7588,1,0,6,Weliton,M,1,5,61,JuvFID,NA
2019,1048,647,7691,2,0,3,Weliton,M,2,6,124,JuvFID,NA
2019,1048,647,8060,2,0,5,Weliton,M,2,7,20,JuvFID,NA
2018,1049,718,7517,2,Mum,4,Weliton,M,1,1,500,JuvFID,NA
2018,1049,718,7976,1,0,7,Weliton,M,1,2,1,JuvFID,NA
2018,1049,718,7423,1,0,1,Weliton,M,1,3,158,JuvFID,NA
2018,1049,718,7838,1,0,1,Weliton,M,1,4,9,JuvFID,NA
2018,1049,718,7489,2,0,3,Weliton,M,1,5,44,JuvFID,NA
2019,1049,718,7790,1,0,6,Weliton,M,2,6,131,JuvFID,NA
2019,1049,718,7392,2,0,3,Weliton,M,2,7,22,JuvFID,NA
2018,1050,191,7762,1,0,9,Weliton,F,1,1,500,JuvFID,NA
2018,1050,191,7991,2,0,6,Weliton,F,1,2,10,JuvFID,NA
2018,1050,191,7528,4,Mum,10,Weliton,F,1,3,148,JuvFID,NA
2018,1050,191,7876,1,0,9,Weliton,F,1,4,37,JuvFID,NA
2019,1050,191,7961,2,0,4,Weliton,F,2,5,157,JuvFID,NA
2019,1050,191,8040,1,0,5,Weliton,F,2,6,20,JuvFID,NA
2017,1054,224,7642,2,Mum,5,Weliton,F,1,1,500,JuvFID,NA
2017,1054,224,7544,1,0,2,Weliton,F,1,2,2,JuvFID,NA
2018,1054,224,7521,3,0,4,Weliton,F,2,3,92,JuvFID,NA
2018,1054,224,7588,1,0,2,Weliton,F,2,4,1,JuvFID,NA
2018,1054,224,7490,2,0,4,Weliton,F,2,5,1,JuvFID,NA
2018,1054,224,7541,2,0,3,Weliton,F,2,6,172,JuvFID,NA
2018,1054,224,7577,1,0,6,Weliton,F,2,7,1,JuvFID,NA
2018,1054,224,7708,1,0,2,Weliton,F,2,8,25,JuvFID,NA
2018,1055,429,7579,2,Mum,10,Weliton,M,1,1,500,JuvFID,NA
2018,1055,429,8056,2,0,5,Weliton,M,1,2,10,JuvFID,NA
2018,1055,429,7761,1,0,6,Weliton,M,1,3,160,JuvFID,NA
2018,1055,429,7829,2,Mum,6,Weliton,M,1,4,12,JuvFID,NA
2019,1055,429,7643,1,0,9,Weliton,M,2,5,172,JuvFID,NA
2019,1055,429,7367,3,0,8,Weliton,M,2,6,17,JuvFID,NA
2018,1057,827,8353,2,Mum,18,Weliton,F,1,1,500,JuvFID,NA
2018,1057,827,8406,2,Mum,13,Weliton,F,1,2,8,JuvFID,NA
2018,1057,827,8193,4,0,14,Weliton,F,1,3,149,JuvFID,NA
2018,1057,827,8281,2,Mum,14,Weliton,F,1,4,11,JuvFID,NA
2018,1057,827,8157,1,0,5,Weliton,F,1,5,2,JuvFID,NA
2019,1057,827,8201,2,0,9,Weliton,F,2,6,202,JuvFID,NA
2019,1057,827,8180,1,0,10,Weliton,F,2,7,5,JuvFID,NA
2018,1058,607,7529,2,Mum,5,Weliton,F,1,1,500,JuvFID,NA
2018,1058,607,7569,2,0,4,Weliton,F,1,2,3,JuvFID,NA
2018,1058,607,7755,2,Mum,2,Weliton,F,1,3,172,JuvFID,NA
2018,1058,607,7665,1,0,3,Weliton,F,1,4,1,JuvFID,NA
2018,1058,607,7430,1,0,5,Weliton,F,1,5,14,JuvFID,NA
2019,1058,607,7453,1,0,4,Weliton,F,2,6,161,JuvFID,NA
2019,1058,607,7769,1,0,3,Weliton,F,2,7,1,JuvFID,NA
2018,1059,137,6966,1,0,14,Weliton,M,1,1,500,JuvFID,NA
2018,1059,137,7021,1,0,6,Weliton,M,1,2,1,JuvFID,NA
2018,1059,137,7219,2,0,4,Weliton,M,1,3,155,JuvFID,NA
2018,1059,137,7345,3,0,1,Weliton,M,1,4,35,JuvFID,NA
2018,1059,137,7362,2,0,4,Weliton,M,1,5,40,JuvFID,NA
2019,1059,137,7519,2,0,7,Weliton,M,2,6,120,JuvFID,NA
2019,1059,137,7082,3,0,5,Weliton,M,2,7,20,JuvFID,NA
2019,1059,137,7255,2,0,1,Weliton,M,2,8,3,JuvFID,NA
2018,1061,679,7937,3,0,8,Weliton,M,1,1,500,JuvFID,NA
2018,1061,679,7911,1,0,7,Weliton,M,1,2,2,JuvFID,NA
2018,1061,679,7911,1,0,9,Weliton,M,1,3,9,JuvFID,NA
2018,1061,679,7565,2,0,3,Weliton,M,1,4,146,JuvFID,NA
2018,1061,679,8023,1,0,5,Weliton,M,1,5,3,JuvFID,NA
2018,1061,679,7874,1,0,8,Weliton,M,1,6,16,JuvFID,NA
2019,1061,679,7726,1,0,3,Weliton,M,2,7,177,JuvFID,NA
2019,1061,679,7913,2,0,6,Weliton,M,2,8,20,JuvFID,NA
2018,1063,731,7988,1,0,6,Weliton,M,1,1,500,JuvFID,NA
2018,1063,731,8040,4,Mum,5,Weliton,M,1,2,1,JuvFID,NA
2018,1063,731,7703,3,Mum,5,Weliton,M,1,3,150,JuvFID,NA
2018,1063,731,7892,1,0,3,Weliton,M,1,4,14,JuvFID,NA
2019,1063,731,8018,2,0,6,Weliton,M,2,5,183,JuvFID,NA
2019,1063,731,8024,2,0,2,Weliton,M,2,6,19,JuvFID,NA
2018,1066,834,7245,2,Mum,9,Weliton,F,1,1,500,JuvFID,NA
2018,1066,834,7310,2,Mum,5,Weliton,F,1,2,0,JuvFID,NA
2018,1066,834,6960,3,Mum,4,Weliton,F,1,3,154,JuvFID,NA
2018,1066,834,7439,2,Mum,4,Weliton,F,1,4,15,JuvFID,NA
2018,1066,834,7145,2,Mum,3,Weliton,F,1,5,19,JuvFID,NA
2018,1066,834,7452,2,Mum,2,Weliton,F,1,6,7,JuvFID,NA
2018,1071,387,8087,3,Mum,8,Weliton,F,1,1,500,JuvFID,NA
2018,1071,387,8219,3,Mum,12,Weliton,F,1,2,1,JuvFID,NA
2018,1071,387,8092,2,Mum,4,Weliton,F,1,3,159,JuvFID,NA
2018,1071,387,8185,3,Mum,10,Weliton,F,1,4,24,JuvFID,NA
2019,1071,387,8181,2,0,5,Weliton,F,2,5,159,JuvFID,NA
2019,1071,387,8130,2,0,10,Weliton,F,2,6,21,JuvFID,NA
2018,1079,318,7524,2,Mum,10,Weliton,F,1,1,500,JuvFID,NA
2018,1079,318,7495,2,Mum,9,Weliton,F,1,2,5,JuvFID,NA
2018,1079,318,7575,3,0,5,Weliton,F,1,3,170,JuvFID,NA
2018,1079,318,7475,2,Mum,8,Weliton,F,1,4,15,JuvFID,NA
2019,1079,318,7540,1,0,6,Weliton,F,2,5,160,JuvFID,NA
2019,1079,318,7400,2,0,6,Weliton,F,2,6,22,JuvFID,NA
2019,1079,318,7301,2,0,11,Weliton,F,2,7,10,JuvFID,NA
2017,1093,1101,7962,1,0,7,Weliton,F,1,1,500,JuvFID,NA
2017,1093,1101,8281,2,Mum,3,Weliton,F,1,2,6,JuvFID,NA
2018,1093,1101,7959,1,0,7,Weliton,F,2,3,272,JuvFID,NA
2018,1093,1101,7856,1,0,9,Weliton,F,2,4,22,JuvFID,NA
2018,1095,645,8065,2,Mum,10,Weliton,F,1,1,500,JuvFID,NA
2018,1095,645,7909,4,Mum,12,Weliton,F,1,2,10,JuvFID,NA
2018,1095,645,7850,1,0,18,Weliton,F,1,3,14,JuvFID,NA
2019,1095,645,7993,2,0,14,Weliton,F,2,4,177,JuvFID,NA
2019,1095,645,7869,2,0,4,Weliton,F,2,5,7,JuvFID,NA
2018,1096,3,8405,2,Mum,22,Weliton,F,1,1,500,JuvFID,NA
2018,1096,3,8453,3,Mum,16,Weliton,F,1,2,4,JuvFID,NA
2018,1096,3,8369,2,Mum,11,Weliton,F,1,3,167,JuvFID,NA
2018,1096,3,8215,3,Mum,12,Weliton,F,1,4,17,JuvFID,NA
2019,1096,3,8405,2,0,12,Weliton,F,2,5,182,JuvFID,NA
2019,1096,3,8297,2,0,14,Weliton,F,2,6,3,JuvFID,NA
2018,1100,1099,8263,2,Mum,19,Weliton,F,1,1,500,JuvFID,NA
2018,1100,1099,8342,2,Mum,21,Weliton,F,1,2,1,JuvFID,NA
2019,1103,1074,7709,2,Mum,5,Weliton,F,1,1,500,JuvFID,NA
2019,1103,1074,7940,2,Mum,10,Weliton,F,1,2,17,JuvFID,NA
2019,1105,897,7477,2,Mum,5,Weliton,M,1,1,500,JuvFID,NA
2019,1105,897,7443,2,Mum,2,Weliton,M,1,2,7,JuvFID,NA
2019,1107,771,7845,3,Mum,13,Weliton,F,1,1,500,JuvFID,NA
2019,1107,771,8086,1,0,9,Weliton,F,1,2,19,JuvFID,NA
2019,1108,1033,7368,4,Mum,13,Weliton,F,1,1,500,JuvFID,NA
2019,1108,1033,7298,2,Mum,6,Weliton,F,1,2,19,JuvFID,NA
2019,1108,1033,7486,2,Mum,6,Weliton,F,1,3,2,JuvFID,NA
2019,1115,963,7523,3,Mum,5,Weliton,F,1,1,500,JuvFID,NA
2019,1115,963,7542,2,Mum,8,Carolina,F,1,2,1,JuvFID,NA
2019,1119,521,7509,2,Mum,13,Weliton,F,1,1,500,JuvFID,NA
2019,1119,521,7364,2,Mum,5,Carolina,F,1,2,31,JuvFID,NA
2019,1124,492,7482,1,0,10,Weliton,F,1,1,500,JuvFID,NA
2019,1124,492,7360,1,0,2,Weliton,F,1,2,23,JuvFID,NA
2019,1125,510,7725,1,0,10,Weliton,F,1,1,500,JuvFID,NA
2019,1125,510,7999,2,Mum,5,Weliton,F,1,2,20,JuvFID,NA
2019,1127,558,7461,2,Mum,2,Weliton,M,1,1,500,JuvFID,NA
2019,1127,558,7437,2,Mum,13,Weliton,M,1,2,19,JuvFID,NA
2019,1128,970,8249,2,Mum,22,Weliton,M,1,1,500,JuvFID,NA
2019,1128,970,8308,2,0,14,Carolina,M,1,2,6,JuvFID,NA
2019,1130,807,7368,4,Mum,7,Weliton,M,1,1,500,JuvFID,NA
2019,1130,807,7400,2,Mum,3,Weliton,M,1,2,26,JuvFID,NA
2019,1131,827,8029,3,Mum,10,Weliton,M,1,1,500,JuvFID,NA
2019,1131,827,8140,3,Mum,13,Weliton,M,1,2,4,JuvFID,NA
2019,1132,680,7698,3,Mum,6,Weliton,F,1,1,500,JuvFID,NA
2019,1132,680,8051,1,0,5,Weliton,F,1,2,20,JuvFID,NA
2019,1138,824,7581,3,Mum,11,Weliton,F,1,1,500,JuvFID,NA
2019,1138,824,7641,2,Mum,10,Weliton,F,1,2,19,JuvFID,NA
2019,1140,635,7448,1,0,9,Weliton,M,1,1,500,JuvFID,NA
2019,1140,635,7366,2,Mum,6,Weliton,M,1,2,20,JuvFID,NA
2019,1140,635,7517,2,Mum,7,Weliton,M,1,3,9,JuvFID,NA
2019,1143,1142,7883,2,Mum,5,Weliton,F,1,1,500,JuvFID,NA
2019,1143,1142,7804,2,Mum,6,Weliton,F,1,2,20,JuvFID,NA
2019,1144,1027,8382,3,Mum,16,Weliton,M,1,1,500,JuvFID,NA
2019,1144,1027,8219,3,0,14,Carolina,M,1,2,1,JuvFID,NA
2019,1145,917,7974,2,Mum,8,Weliton,F,1,1,500,JuvFID,NA
2019,1145,917,7977,2,Mum,8,Weliton,F,1,2,9,JuvFID,NA
2019,1146,831,7453,4,0,5,Weliton,F,1,1,500,JuvFID,NA
2019,1146,831,7424,1,0,4,Weliton,F,1,2,5,JuvFID,NA
2019,1146,831,7558,2,Mum,1,Carolina,F,1,3,3,JuvFID,NA
2019,1147,519,7504,4,0,9,Weliton,F,1,1,500,JuvFID,NA
2019,1147,519,7515,2,Mum,7,Weliton,F,1,2,20,JuvFID,NA
2019,1148,847,8052,2,Mum,14,Weliton,F,1,1,500,JuvFID,NA
2019,1148,847,8333,2,Mum,9,Weliton,F,1,2,5,JuvFID,NA
2019,1149,276,7782,1,0,17,Weliton,M,1,1,500,JuvFID,NA
2019,1149,276,7701,2,0,9,Weliton,M,1,2,21,JuvFID,NA
2019,1149,276,7632,2,Mum,6,Weliton,M,1,3,3,JuvFID,NA
2019,1152,1151,8378,2,Mum,16,Weliton,F,1,1,500,JuvFID,NA
2019,1153,503,6965,2,Mum,3,Weliton,F,1,1,500,JuvFID,NA
2019,1157,1156,7475,2,0,13,Weliton,M,1,1,500,JuvFID,NA
2019,1157,1156,7534,2,Mum,9,Weliton,M,1,2,16,JuvFID,NA
2019,1160,645,7779,2,Mum,10,Weliton,F,1,1,500,JuvFID,NA
2019,1160,645,8254,2,Mum,10,Weliton,F,1,2,20,JuvFID,NA
2017,847,645,8098,3,0,9,Weliton,F,2,1,500,JuvFID,NA
2017,847,645,8027,2,0,8,Weliton,F,2,2,20,JuvFID,NA
2017,851,191,7931,2,0,4,Weliton,F,2,1,500,JuvFID,NA
2017,851,191,7948,2,0,3,Weliton,F,2,2,99,JuvFID,NA
2017,877,821,7392,2,Mum,3,Weliton,M,1,1,500,JuvFID,NA
2017,877,821,7377,2,0,2,Weliton,M,1,2,13,JuvFID,NA
2017,877,821,7350,2,0,1,Weliton,M,1,3,3,JuvFID,NA
2018,877,821,7463,1,0,4,Weliton,M,2,4,177,JuvFID,NA
2018,877,821,7365,1,0,4,Weliton,M,2,5,2,JuvFID,NA
2017,879,731,8076,2,Mum,3,Weliton,M,1,1,500,JuvFID,NA
2017,879,731,7784,5,Mum,6,Weliton,M,1,2,8,JuvFID,NA
2017,879,731,7881,2,0,9,Weliton,M,1,3,7,JuvFID,NA
2017,879,731,7727,4,0,6,Weliton,M,1,4,1,JuvFID,NA
2017,879,731,7772,2,0,4,Weliton,M,1,5,5,JuvFID,NA
2017,880,807,7328,2,0,2,Weliton,M,1,1,500,JuvFID,NA
2017,881,729,7348,4,0,6,Weliton,M,1,1,500,JuvFID,NA
2017,881,729,7587,2,Mum,3,Weliton,M,1,2,29,JuvFID,NA
2017,881,729,7219,1,0,5,Weliton,M,1,3,83,JuvFID,NA
2018,881,729,7585,1,0,3,Weliton,M,2,4,274,JuvFID,NA
2018,881,729,7367,1,0,4,Weliton,M,2,5,24,JuvFID,NA
2017,883,832,7975,1,0,6,Weliton,M,1,1,500,JuvFID,NA
2017,883,832,8036,3,Mum,2,Weliton,M,1,2,10,JuvFID,NA
2017,883,832,7948,2,Mum,8,Weliton,M,1,3,5,JuvFID,NA
2017,893,892,7352,1,0,0.5,Weliton,F,1,1,500,JuvFID,NA
2017,893,892,7019,1,0,1,Weliton,F,1,2,86,JuvFID,NA
2017,893,892,7259,3,0,1,Weliton,F,1,3,7,JuvFID,NA
2018,893,892,7392,1,0,2,Weliton,F,2,4,91,JuvFID,NA
2018,893,892,7053,2,0,1,Weliton,F,2,5,2,JuvFID,NA
2018,893,892,7597,1,0,2,Weliton,F,2,6,6,JuvFID,NA
2018,893,892,7026,2,0,1,Weliton,F,2,7,165,JuvFID,NA
2018,893,892,7065,1,0,3,Weliton,F,2,8,19,JuvFID,NA
2017,894,302,7205,1,0,10,Weliton,M,1,1,500,JuvFID,NA
2017,894,302,7467,1,0,4,Weliton,M,1,2,5,JuvFID,NA
2017,894,302,7717,1,0,6,Weliton,M,1,3,61,JuvFID,NA
2018,894,302,7606,1,0,7,Weliton,M,2,4,300,JuvFID,NA
2018,894,302,7806,2,0,4,Weliton,M,2,5,46,JuvFID,NA
2017,895,745,7582,2,Mum,5,Weliton,F,1,1,500,JuvFID,NA
2017,895,745,7833,2,Mum,5,Weliton,F,1,2,4,JuvFID,NA
2017,895,745,7908,2,Mum,3,Weliton,F,1,3,2,JuvFID,NA
2018,895,745,7651,1,0,17,Weliton,F,2,4,95,JuvFID,NA
2018,895,745,7638,2,0,6,Weliton,F,2,5,4,JuvFID,NA
2018,895,745,7720,3,0,2,Weliton,F,2,6,166,JuvFID,NA
2018,895,745,7844,1,0,2,Weliton,F,2,7,33,JuvFID,NA
2017,899,771,7817,3,0,4,Weliton,M,1,1,500,JuvFID,NA
2017,899,771,7802,1,0,3,Weliton,M,1,2,64,JuvFID,NA
2018,899,771,7720,1,0,8,Weliton,M,2,3,139,JuvFID,NA
2018,899,771,7733,1,0,1,Weliton,M,2,4,175,JuvFID,NA
2018,899,771,7710,1,0,4,Weliton,M,2,5,16,JuvFID,NA
2017,901,314,7907,3,0,6,Weliton,F,1,1,500,JuvFID,NA
2017,901,314,7703,3,Mum,9,Weliton,F,1,2,1,JuvFID,NA
2017,901,314,7784,3,0,8,Weliton,F,1,3,5,JuvFID,NA
2017,901,314,7958,2,0,10,Weliton,F,1,4,49,JuvFID,NA
2018,901,314,8124,3,0,8,Weliton,F,2,5,142,JuvFID,NA
2018,901,314,7925,1,0,8,Weliton,F,2,6,7,JuvFID,NA
2018,901,314,7959,2,0,12,Weliton,F,2,7,164,JuvFID,NA
2018,901,314,8039,3,0,9,Weliton,F,2,8,5,JuvFID,NA
2018,901,314,8053,3,0,9,Weliton,F,2,9,20,JuvFID,NA
2017,904,558,7621,3,Mum,1,Weliton,M,1,1,500,JuvFID,NA
2017,904,558,7617,3,0,4,Weliton,M,1,2,0,JuvFID,NA
2017,908,718,7748,1,0,6,Weliton,F,1,1,500,JuvFID,NA
2017,908,718,7564,4,0,7,Weliton,F,1,2,19,JuvFID,NA
2017,908,718,7710,2,0,6,Weliton,F,1,3,9,JuvFID,NA
2017,908,718,7484,4,0,4,Weliton,F,1,4,2,JuvFID,NA
2018,908,718,7600,2,0,5,Weliton,F,2,5,355,JuvFID,NA
2018,908,718,7784,1,0,5,Weliton,F,2,6,29,JuvFID,NA
2017,909,199,7392,3,0,1,Weliton,F,1,1,500,JuvFID,NA
2017,909,199,7458,2,0,1,Weliton,F,1,2,2,JuvFID,NA
2017,909,199,7317,3,0,1,Weliton,F,1,3,27,JuvFID,NA
2018,909,199,7056,1,0,0.5,Weliton,F,2,4,185,JuvFID,NA
2018,909,199,7241,1,0,1,Weliton,F,2,5,152,JuvFID,NA
2018,909,199,7349,1,0,1,Weliton,F,2,6,15,JuvFID,NA
2017,914,913,7703,1,0,12,Weliton,F,1,1,500,JuvFID,NA
2017,914,913,7729,2,Mum,14,Weliton,F,1,2,9,JuvFID,NA
2017,914,913,7872,2,Mum,8,Weliton,F,1,3,56,JuvFID,NA
2017,914,913,7841,2,Mum,10,Weliton,F,1,4,12,JuvFID,NA
2017,914,913,7940,1,0,13,Weliton,F,1,5,34,JuvFID,NA
2018,914,913,7889,1,0,5,Weliton,F,2,6,290,JuvFID,NA
2018,914,913,7649,2,0,7,Weliton,F,2,7,4,JuvFID,NA
2017,916,915,8239,2,0,4,Weliton,M,1,1,500,JuvFID,NA
2017,916,915,7836,3,Mum,4,Weliton,M,1,2,20,JuvFID,NA
2017,916,915,7877,3,Mum,2,Weliton,M,1,3,14,JuvFID,NA
2017,916,915,8114,3,0,2,Weliton,M,1,4,42,JuvFID,NA
2017,916,915,7920,2,Mum,2,Weliton,M,1,5,2,JuvFID,NA
2017,916,915,7953,1,0,4,Weliton,M,1,6,12,JuvFID,NA
2018,916,915,8233,2,0,14,Weliton,M,2,7,285,JuvFID,NA
2017,918,917,8022,1,0,13,Weliton,F,1,1,500,JuvFID,NA
2017,918,917,7959,3,0,15,Weliton,F,1,2,7,JuvFID,NA
2018,918,917,8267,2,0,12,Weliton,F,2,3,140,JuvFID,NA
2018,918,917,7920,1,0,15,Weliton,F,2,4,168,JuvFID,NA
2018,918,917,7838,2,0,8,Weliton,F,2,5,35,JuvFID,NA
2017,921,258,7348,2,0,2,Weliton,F,1,1,500,JuvFID,NA
2017,921,258,7222,3,0,1,Weliton,F,1,2,86,JuvFID,NA
2017,921,258,7059,2,0,1,Weliton,F,1,3,3,JuvFID,NA
2018,921,258,6999,2,0,9,Weliton,F,2,4,91,JuvFID,NA
2018,921,258,7677,1,0,2,Weliton,F,2,5,4,JuvFID,NA
2018,921,258,7250,3,0,1,Weliton,F,2,6,150,JuvFID,NA
2018,921,258,7339,2,0,2,Weliton,F,2,7,18,JuvFID,NA
2017,923,743,7450,2,0,2,Weliton,F,1,1,500,JuvFID,NA
2017,923,743,7614,1,0,3,Weliton,F,1,2,27,JuvFID,NA
2018,923,743,7394,1,0,2,Weliton,F,2,3,183,JuvFID,NA
2018,923,743,7056,1,0,7,Weliton,F,2,4,2,JuvFID,NA
2018,923,743,7513,1,0,3,Weliton,F,2,5,1,JuvFID,NA
2018,923,743,7420,1,0,7,Weliton,F,2,6,151,JuvFID,NA
2018,923,743,7418,1,0,3,Weliton,F,2,7,15,JuvFID,NA
2017,924,522,7408,2,Mum,4,Weliton,F,1,1,500,JuvFID,NA
2017,924,522,7202,2,0,2,Weliton,F,1,2,79,JuvFID,NA
2018,924,522,7332,2,0,4,Weliton,F,2,3,104,JuvFID,NA
2018,924,522,7326,1,0,6,Weliton,F,2,4,167,JuvFID,NA
2018,924,522,7429,2,0,4,Weliton,F,2,5,19,JuvFID,NA
2017,926,521,7384,3,0,6,Weliton,M,1,1,500,JuvFID,NA
2017,926,521,7563,2,0,3,Weliton,M,1,2,114,JuvFID,NA
2017,928,429,7802,2,0,12,Weliton,F,1,1,500,JuvFID,NA
2017,928,429,7783,2,0,5,Weliton,F,1,2,3,JuvFID,NA
2017,928,429,7672,2,0,7,Weliton,F,1,3,1,JuvFID,NA
2018,928,429,7547,1,0,5,Weliton,F,2,4,93,JuvFID,NA
2018,928,429,7598,1,0,7,Weliton,F,2,5,4,JuvFID,NA
2018,928,429,7772,1,0,5,Weliton,F,2,6,166,JuvFID,NA
2018,928,429,7621,1,0,8,Weliton,F,2,7,26,JuvFID,NA
2017,930,193,7862,5,0,4,Weliton,M,1,1,500,JuvFID,NA
2017,930,193,8097,2,Mum,5,Weliton,M,1,2,17,JuvFID,NA
2017,930,193,7921,2,Mum,3,Weliton,M,1,3,65,JuvFID,NA
2017,930,193,8010,2,0,8,Weliton,M,1,4,20,JuvFID,NA
2017,930,193,8051,3,Mum,2,Weliton,M,1,5,11,JuvFID,NA
2017,930,193,7660,1,0,3,Weliton,M,1,6,2,JuvFID,NA
2018,930,193,7832,3,0,3,Weliton,M,2,7,93,JuvFID,NA
2018,930,193,7952,1,0,4,Weliton,M,2,8,156,JuvFID,NA
2018,930,193,7921,2,0,3,Weliton,M,2,9,39,JuvFID,NA
2018,930,193,7960,2,0,11,Weliton,M,2,10,7,JuvFID,NA
2017,931,827,8056,2,Mum,7,Weliton,F,1,1,500,JuvFID,NA
2017,931,827,8086,2,Mum,3,Weliton,F,1,2,5,JuvFID,NA
2018,931,827,8237,2,0,20,Weliton,F,2,3,312,JuvFID,NA
2018,931,827,8033,1,0,7,Weliton,F,2,4,33,JuvFID,NA
2017,932,342,8079,2,0,3,Weliton,M,1,1,500,JuvFID,NA
2017,932,342,6976,2,0,5,Weliton,M,1,2,2,JuvFID,NA
2018,932,342,7046,2,0,5,Weliton,M,2,3,269,JuvFID,NA
2018,932,342,7370,1,0,5,Weliton,M,2,4,34,JuvFID,NA
2017,933,607,7369,1,0,6,Weliton,M,1,1,500,JuvFID,NA
2017,933,607,7275,2,0,2,Weliton,M,1,2,40,JuvFID,NA
2017,933,607,7472,1,0,3,Weliton,M,1,3,13,JuvFID,NA
2017,933,607,7422,1,0,3,Weliton,M,1,4,14,JuvFID,NA
2017,933,607,7573,1,0,5,Weliton,M,1,5,8,JuvFID,NA
2018,933,607,7386,2,0,6,Weliton,M,2,6,315,JuvFID,NA
2018,933,607,7255,1,0,3,Weliton,M,2,7,12,JuvFID,NA
2017,934,89,7372,2,0,2,Weliton,M,1,1,500,JuvFID,NA
2017,940,525,8003,1,0,12,Weliton,M,1,1,500,JuvFID,NA
2017,940,525,7858,3,0,15,Weliton,M,1,2,3,JuvFID,NA
2018,940,525,8020,3,0,16,Weliton,M,2,3,267,JuvFID,NA
2018,940,525,7842,1,0,13,Weliton,M,2,4,25,JuvFID,NA
2018,940,525,8001,2,0,10,Weliton,M,2,5,35,JuvFID,NA
2017,941,337,7920,1,0,11,Weliton,M,1,1,500,JuvFID,NA
2017,941,337,7997,2,Mum,6,Weliton,M,1,2,42,JuvFID,NA
2018,941,337,7942,1,0,4,Weliton,M,2,3,149,JuvFID,NA
2018,941,337,8117,1,0,4,Weliton,M,2,4,169,JuvFID,NA
2018,941,337,7699,2,0,3,Weliton,M,2,5,14,JuvFID,NA
2017,942,54,7270,2,Mum,1,Weliton,M,1,1,500,JuvFID,NA
2017,942,54,7008,2,0,1,Weliton,M,1,2,20,JuvFID,NA
2017,942,54,6997,1,0,2,Weliton,M,1,3,8,JuvFID,NA
2017,942,54,7262,3,0,3,Weliton,M,1,4,3,JuvFID,NA
2017,944,276,7885,1,0,6,Weliton,F,1,1,500,JuvFID,NA
2017,944,276,8012,2,0,2,Weliton,F,1,2,33,JuvFID,NA
2018,944,276,8083,1,0,8,Weliton,F,2,3,275,JuvFID,NA
2018,944,276,8017,1,0,3,Weliton,F,2,4,27,JuvFID,NA
2017,946,586,8268,3,0,7,Weliton,M,1,1,500,JuvFID,NA
2017,946,586,7950,1,0,13,Weliton,M,1,2,3,JuvFID,NA
2018,946,586,8235,1,0,3,Weliton,M,2,3,259,JuvFID,NA
2018,946,586,7880,1,0,4,Weliton,M,2,4,24,JuvFID,NA
2018,946,586,7831,1,0,5,Weliton,M,2,5,10,JuvFID,NA
2018,946,586,7749,2,0,5,Weliton,M,2,6,27,JuvFID,NA
2018,946,586,8246,1,0,10,Weliton,M,2,7,6,JuvFID,NA
2017,948,86,7083,3,0,1,Weliton,M,1,1,500,JuvFID,NA
2017,948,86,7186,2,0,7,Weliton,M,1,2,50,JuvFID,NA
2018,948,86,7287,1,0,1,Weliton,M,2,3,312,JuvFID,NA
2018,948,86,7223,1,0,3,Weliton,M,2,4,2,JuvFID,NA
2018,948,86,7297,1,0,3,,M,2,5,23,JuvFID,NA
2017,950,578,7930,2,0,3,Weliton,M,1,1,500,JuvFID,NA
2017,950,578,7816,2,0,6,Weliton,M,1,2,1,JuvFID,NA
2017,950,578,8084,2,0,4,Weliton,M,1,3,3,JuvFID,NA
2017,951,491,7464,3,0,7,Weliton,F,1,1,500,JuvFID,NA
2017,951,491,7416,1,0,3,Weliton,F,1,2,21,JuvFID,NA
2017,951,491,7450,2,0,2,Weliton,F,1,3,54,JuvFID,NA
2017,951,491,7584,1,0,3,Weliton,F,1,4,32,JuvFID,NA
2018,951,491,7344,1,0,4,Weliton,F,2,5,94,JuvFID,NA
2018,951,491,6987,1,0,9,Weliton,F,2,6,1,JuvFID,NA
2018,951,491,7230,1,0,1,Weliton,F,2,7,3,JuvFID,NA
2017,953,387,8321,1,0,12,Weliton,M,1,1,500,JuvFID,NA
2017,953,387,8354,1,0,13,Weliton,M,1,2,1,JuvFID,NA
2018,953,387,8395,1,0,17,Weliton,M,2,3,262,JuvFID,NA
2018,953,387,8400,2,0,11,Weliton,M,2,4,42,JuvFID,NA
2017,954,401,7882,2,0,3,Weliton,F,1,1,500,JuvFID,NA
2017,954,401,7933,1,0,4,Weliton,F,1,2,114,JuvFID,NA
2017,954,401,7878,2,0,2,Weliton,F,1,3,5,JuvFID,NA
2018,954,401,7869,1,0,3,Weliton,F,2,4,90,JuvFID,NA
2018,954,401,7810,1,0,4,Weliton,F,2,5,11,JuvFID,NA
2018,954,401,7722,2,0,3,Weliton,F,2,6,167,JuvFID,NA
2018,954,401,7794,1,0,9,Weliton,F,2,7,20,JuvFID,NA
2017,955,519,7419,1,0,2,Weliton,F,1,1,500,JuvFID,NA
2017,955,519,7429,2,Mum,6,Weliton,F,1,2,2,JuvFID,NA
2017,955,519,7597,1,0,1,Weliton,F,1,3,2,JuvFID,NA
2017,956,247,7564,2,Mum,3,Weliton,M,1,1,500,JuvFID,NA
2017,956,247,7613,1,0,3,Weliton,M,1,2,88,JuvFID,NA
2018,956,247,7380,1,0,6,Weliton,M,2,3,98,JuvFID,NA
2018,956,247,7536,1,0,2,Weliton,M,2,4,1,JuvFID,NA
2018,956,247,7534,1,0,5,Weliton,M,2,5,168,JuvFID,NA
2018,956,247,7953,2,0,12,Weliton,M,2,6,33,JuvFID,NA
2018,956,247,7283,1,0,3,Weliton,M,2,7,25,JuvFID,NA
2017,958,957,7772,1,0,19,Weliton,F,1,1,500,JuvFID,NA
2017,958,957,7873,2,0,8,Weliton,F,1,2,88,JuvFID,NA
2018,958,957,7884,1,0,10,Weliton,F,2,3,136,JuvFID,NA
2018,958,957,7674,2,0,10,Weliton,F,2,4,167,JuvFID,NA
2018,958,957,7654,2,0,7,Weliton,F,2,5,25,JuvFID,NA
2018,958,957,7788,1,0,5,Weliton,F,2,6,3,JuvFID,NA
2017,960,959,7023,3,Mum,5,Weliton,M,1,1,500,JuvFID,NA
2018,960,959,7019,2,0,2,Weliton,M,2,2,90,JuvFID,NA
2018,960,959,7075,1,0,2,Weliton,M,2,3,3,JuvFID,NA
2017,961,414,7919,3,0,10,Weliton,M,1,1,500,JuvFID,NA
2017,961,414,7925,1,0,10,Weliton,M,1,2,19,JuvFID,NA
2017,961,414,7731,1,0,13,Weliton,M,1,3,39,JuvFID,NA
2017,961,414,7912,1,0,14,Weliton,M,1,4,10,JuvFID,NA
2018,961,414,8057,3,0,5,Weliton,M,2,5,298,JuvFID,NA
2018,961,414,8246,2,0,14,Weliton,M,2,6,2,JuvFID,NA
2017,962,562,8280,3,0,16,Weliton,F,1,1,500,JuvFID,NA
2017,962,562,8408,2,Mum,10,Weliton,F,1,2,4,JuvFID,NA
2018,962,562,8246,2,0,17,Weliton,F,2,3,271,JuvFID,NA
2018,962,562,8286,3,0,18,Weliton,F,2,4,40,JuvFID,NA
2017,975,974,8223,2,0,10,Weliton,F,1,1,500,JuvFID,NA
2017,975,974,8287,2,0,9,Weliton,F,1,2,18,JuvFID,NA
2018,975,974,8230,3,0,7,Weliton,F,2,3,321,JuvFID,NA
2018,975,974,8251,2,0,10,Weliton,F,2,4,20,JuvFID,NA
2017,976,557,7479,1,0,10,Weliton,F,1,1,500,JuvFID,NA
2017,976,557,7626,2,0,3,Weliton,F,1,2,3,JuvFID,NA
2017,976,557,7473,1,0,4,Weliton,F,1,3,67,JuvFID,NA
2017,976,557,7306,1,0,5,Weliton,F,1,4,16,JuvFID,NA
2018,976,557,7335,2,0,4,Weliton,F,2,5,98,JuvFID,NA
2018,976,557,7367,3,0,2,Weliton,F,2,6,2,JuvFID,NA
2018,976,557,7281,1,0,4,Weliton,F,2,7,2,JuvFID,NA
2018,976,557,7400,4,0,3,Weliton,F,2,8,174,JuvFID,NA
2018,976,557,7325,1,0,2,Weliton,F,2,9,3,JuvFID,NA
2017,979,603,7259,3,Mum,2,Weliton,M,1,1,500,JuvFID,NA
2017,979,603,7283,2,Mum,1,Weliton,M,1,2,26,JuvFID,NA
2017,979,603,7367,3,0,1,Weliton,M,1,3,2,JuvFID,NA
2017,979,603,7514,1,0,1,Weliton,M,1,4,3,JuvFID,NA
2017,979,603,7213,1,0,2,Weliton,M,1,5,81,JuvFID,NA
2018,979,603,7335,1,0,3,Weliton,M,2,6,269,JuvFID,NA
2018,979,603,7419,1,0,1,Weliton,M,2,7,29,JuvFID,NA
2017,981,734,8083,1,0,11,Weliton,F,1,1,500,JuvFID,NA
2017,981,734,8132,2,Mum,3,Weliton,F,1,2,55,JuvFID,NA
2018,981,734,8043,1,0,8,Weliton,F,2,3,145,JuvFID,NA
2018,981,734,8164,2,0,2,Weliton,F,2,4,167,JuvFID,NA
2018,981,734,8240,1,0,3,Weliton,F,2,5,33,JuvFID,NA
2017,984,983,7849,2,0,4,Weliton,M,1,1,500,JuvFID,NA
2017,984,983,7948,2,0,5,Weliton,M,1,2,41,JuvFID,NA
2018,984,983,8121,1,0,6,Weliton,M,2,3,99,JuvFID,NA
2018,984,983,7800,1,0,4,Weliton,M,2,4,201,JuvFID,NA
2018,984,983,7776,1,0,5,Weliton,M,2,5,5,JuvFID,NA
2017,985,112,8119,1,0,6,Weliton,F,1,1,500,JuvFID,NA
2017,985,112,7957,1,0,5,Weliton,F,1,2,0,JuvFID,NA
2017,985,112,7656,1,0,3,Weliton,F,1,3,4,JuvFID,NA
2018,985,112,7738,1,0,8,Weliton,F,2,4,93,JuvFID,NA
2018,985,112,7708,1,0,9,Weliton,F,2,5,177,JuvFID,NA
2018,985,112,7820,2,0,5,Weliton,F,2,6,29,JuvFID,NA
2017,988,523,7649,1,0,5,Weliton,M,1,1,500,JuvFID,NA
2017,994,126,7951,2,Mum,17,Weliton,M,1,1,500,JuvFID,NA
2017,994,126,7911,3,Mum,9,Weliton,M,1,2,25,JuvFID,NA
2017,994,126,8000,2,Mum,8,Weliton,M,1,3,8,JuvFID,NA
2018,994,126,7976,3,0,12,Weliton,M,2,4,185,JuvFID,NA
2018,994,126,7866,2,0,21,Weliton,M,2,5,159,JuvFID,NA
2018,994,126,7670,1,0,9,Weliton,M,2,6,32,JuvFID,NA
2018,0,1001,8173,1,0,NA,Weliton,0,0,3,94,AdFemFID,10
2018,0,1001,8143,1,0,NA,Weliton,0,0,4,154,AdFemFID,9
2018,0,1001,8017,2,0,NA,Weliton,0,0,5,46,AdFemFID,4
2019,0,1001,8116,1,0,NA,Weliton,0,0,6,148,AdFemFID,7
2019,0,1001,8011,3,0,NA,Weliton,0,0,7,21,AdFemFID,7
2018,0,1008,7788,1,0,NA,Weliton,0,0,3,270,AdFemFID,18
2018,0,1008,7510,3,0,NA,Weliton,0,0,4,46,AdFemFID,10
2019,0,1008,7983,2,0,NA,Weliton,0,0,5,146,AdFemFID,15
2019,0,1008,7986,2,0,NA,Weliton,0,0,6,8,AdFemFID,14
2017,0,101,7510,3,0,NA,Weliton,0,0,1,500,AdFemFID,6
2017,0,101,7369,2,0,NA,Weliton,0,0,2,36,AdFemFID,4
2017,0,101,7441,1,0,NA,Weliton,0,0,3,1,AdFemFID,3
2018,0,101,7243,3,0,NA,Weliton,0,0,4,181,AdFemFID,3
2018,0,101,7429,1,0,NA,Weliton,0,0,5,171,AdFemFID,6
2018,0,101,7435,1,0,NA,Weliton,0,0,6,23,AdFemFID,4
2019,0,101,7378,2,0,NA,Weliton,0,0,7,183,AdFemFID,5
2019,0,1026,7661,1,0,NA,Weliton,0,0,6,193,AdFemFID,8
2019,0,1026,8090,2,0,NA,Weliton,0,0,7,6,AdFemFID,6
2017,0,1027,8406,1,0,NA,Weliton,0,0,1,500,AdFemFID,10
2017,0,1027,8513,1,0,NA,Weliton,0,0,2,1,AdFemFID,11
2018,0,1027,8416,4,LPY,NA,Weliton,0,0,3,260,AdFemFID,12
2018,0,1027,8278,1,LPY,NA,Weliton,0,0,4,11,AdFemFID,16
2017,0,1033,7742,3,0,NA,Weliton,0,0,1,500,AdFemFID,5
2017,0,1033,7708,2,0,NA,Weliton,0,0,2,101,AdFemFID,5
2017,0,1033,7591,1,0,NA,Weliton,0,0,3,9,AdFemFID,8
2018,0,1033,7558,1,0,NA,Weliton,0,0,4,99,AdFemFID,9
2018,0,1033,7632,1,RegPY,NA,Weliton,0,0,5,156,AdFemFID,5
2018,0,1033,7307,2,LPY,NA,Weliton,0,0,6,43,AdFemFID,4
2019,0,1033,7529,1,0,NA,Weliton,0,0,7,148,AdFemFID,6
2019,0,1033,7518,1,0,NA,Carolina,0,0,8,2,AdFemFID,10
2017,0,1035,7895,2,0,NA,Weliton,0,0,1,500,AdFemFID,2
2017,0,1035,7832,1,0,NA,Weliton,0,0,2,2,AdFemFID,3
2017,0,1035,7706,3,0,NA,Weliton,0,0,3,29,AdFemFID,1
2018,0,1035,7590,1,0,NA,Weliton,0,0,4,186,AdFemFID,4
2017,0,1038,7990,1,LPY,NA,Weliton,0,0,1,500,AdFemFID,5
2017,0,1038,7930,1,LPY,NA,Weliton,0,0,2,33,AdFemFID,9
2018,0,1038,8116,2,SA,NA,Weliton,0,0,3,354,AdFemFID,14
2018,0,1038,7937,1,0,NA,Weliton,0,0,4,3,AdFemFID,14
2018,0,1038,8164,1,0,NA,Weliton,0,0,5,25,AdFemFID,6
2019,0,1038,7982,4,0,NA,Carolina,0,0,6,173,AdFemFID,5
2019,0,1038,7997,2,0,NA,Carolina,0,0,7,4,AdFemFID,9
2017,0,1040,7679,4,LPY,NA,Weliton,0,0,1,500,AdFemFID,1
2017,0,1040,7644,1,LPY,NA,Weliton,0,0,2,22,AdFemFID,1
2017,0,1040,7608,2,LPY,NA,Weliton,0,0,3,1,AdFemFID,2
2017,0,1040,8142,2,0,NA,Weliton,0,0,4,54,AdFemFID,2
2018,0,1040,7541,1,RegPY,NA,Weliton,0,0,5,126,AdFemFID,4
2018,0,1040,7328,1,0,NA,Weliton,0,0,6,157,AdFemFID,5
2018,0,1040,7700,2,0,NA,Weliton,0,0,7,45,AdFemFID,4
2019,0,1040,8056,6,0,NA,Carolina,0,0,8,170,AdFemFID,3
2019,0,1040,7762,2,0,NA,Carolina,0,0,9,5,AdFemFID,1
2019,0,1044,7264,1,0,NA,Weliton,0,0,6,156,AdFemFID,17
2019,0,1044,7508,1,0,NA,Weliton,0,0,7,18,AdFemFID,14
2019,0,1045,7495,1,0,NA,Weliton,0,0,6,174,AdFemFID,6
2019,0,1045,7052,1,0,NA,Weliton,0,0,7,20,AdFemFID,4
2019,0,1050,7961,2,0,NA,Weliton,0,0,5,157,AdFemFID,4
2019,0,1050,8040,1,0,NA,Weliton,0,0,6,20,AdFemFID,5
2018,0,1054,7521,3,0,NA,Weliton,0,0,3,92,AdFemFID,4
2018,0,1054,7588,1,0,NA,Weliton,0,0,4,1,AdFemFID,2
2018,0,1054,7490,2,0,NA,Weliton,0,0,5,1,AdFemFID,4
2018,0,1054,7541,2,0,NA,Weliton,0,0,6,172,AdFemFID,3
2018,0,1054,7577,1,0,NA,Weliton,0,0,7,1,AdFemFID,6
2018,0,1054,7708,1,0,NA,Weliton,0,0,8,25,AdFemFID,2
2019,0,1054,7738,1,0,NA,Weliton,0,0,9,150,AdFemFID,8
2019,0,1054,7871,2,0,NA,Weliton,0,0,10,1,AdFemFID,5
2019,0,1057,8201,2,0,NA,Weliton,0,0,6,202,AdFemFID,9
2019,0,1057,8180,1,0,NA,Weliton,0,0,7,5,AdFemFID,10
2019,0,1058,7453,1,0,NA,Weliton,0,0,6,161,AdFemFID,4
2019,0,1058,7769,1,0,NA,Weliton,0,0,7,1,AdFemFID,3
2017,0,1064,7935,1,LPY,NA,Weliton,0,0,1,500,AdFemFID,1
2017,0,1064,8010,1,0,NA,Weliton,0,0,2,48,AdFemFID,11
2017,0,1067,8235,3,LPY,NA,Weliton,0,0,1,500,AdFemFID,7
2017,0,1067,8294,1,0,NA,Weliton,0,0,2,36,AdFemFID,7
2018,0,1067,8250,1,0,NA,Weliton,0,0,3,310,AdFemFID,6
2018,0,1067,8278,1,0,NA,Weliton,0,0,4,28,AdFemFID,8
2018,0,1067,8241,2,0,NA,Weliton,0,0,5,2,AdFemFID,5
2019,0,1067,8311,7,0,NA,Carolina,0,0,6,176,AdFemFID,10
2019,0,1067,8246,3,0,NA,Weliton,0,0,7,1,AdFemFID,7
2017,0,1070,8038,1,0,NA,Weliton,0,0,1,500,AdFemFID,13
2017,0,1070,7954,2,SA,NA,Weliton,0,0,2,1,AdFemFID,13
2017,0,1070,8221,1,0,NA,Weliton,0,0,3,1,AdFemFID,13
2018,0,1070,7781,1,0,NA,Weliton,0,0,4,91,AdFemFID,13
2018,0,1070,7591,2,0,NA,Weliton,0,0,5,167,AdFemFID,10
2018,0,1070,8241,1,0,NA,Weliton,0,0,6,32,AdFemFID,9
2019,0,1070,7845,3,0,NA,Carolina,0,0,7,153,AdFemFID,13
2019,0,1070,7928,2,0,NA,Carolina,0,0,8,24,AdFemFID,12
2019,0,1071,8181,2,0,NA,Weliton,0,0,5,159,AdFemFID,5
2019,0,1071,8130,2,0,NA,Weliton,0,0,6,21,AdFemFID,10
2018,0,1072,7903,2,0,NA,Weliton,0,0,4,276,AdFemFID,7
2018,0,1072,7678,2,0,NA,Weliton,0,0,5,35,AdFemFID,6
2019,0,1072,7586,1,0,NA,Weliton,0,0,6,150,AdFemFID,5
2019,0,1072,7728,2,0,NA,Weliton,0,0,7,18,AdFemFID,7
2017,0,1074,7957,2,0,NA,Weliton,0,0,1,500,AdFemFID,6
2017,0,1074,7986,2,0,NA,Weliton,0,0,2,1,AdFemFID,9
2018,0,1074,8148,1,0,NA,Weliton,0,0,3,90,AdFemFID,8
2018,0,1074,8040,1,LPY,NA,Weliton,0,0,4,169,AdFemFID,12
2018,0,1074,7965,2,LPY,NA,Weliton,0,0,5,40,AdFemFID,7
2019,0,1074,7510,2,SA,NA,Carolina,0,0,6,142,AdFemFID,15
2019,0,1079,7540,1,0,NA,Weliton,0,0,5,160,AdFemFID,6
2019,0,1079,7400,2,0,NA,Weliton,0,0,6,22,AdFemFID,6
2019,0,1079,7301,2,0,NA,Weliton,0,0,7,10,AdFemFID,11
2017,0,1081,7993,1,LPY,NA,Weliton,0,0,1,500,AdFemFID,7
2017,0,1081,8369,2,LPY,NA,Weliton,0,0,2,46,AdFemFID,7
2017,0,1081,8191,1,LPY,NA,Weliton,0,0,3,3,AdFemFID,6
2018,0,1081,8164,1,LPY,NA,Weliton,0,0,4,272,AdFemFID,6
2018,0,1081,8158,1,LPY,NA,Weliton,0,0,5,19,AdFemFID,7
2019,0,1081,8160,2,0,NA,Carolina,0,0,6,154,AdFemFID,13
2018,0,1087,8383,2,0,NA,Weliton,0,0,3,268,AdFemFID,12
2018,0,1087,8304,1,0,NA,Weliton,0,0,4,28,AdFemFID,11
2019,0,1087,8399,2,0,NA,Weliton,0,0,5,167,AdFemFID,10
2019,0,1087,8094,1,0,NA,Weliton,0,0,6,4,AdFemFID,12
2018,0,1090,7991,2,0,NA,Weliton,0,0,1,500,AdFemFID,13
2018,0,1090,7979,3,0,NA,Weliton,0,0,2,164,AdFemFID,5
2018,0,1090,8091,1,0,NA,Weliton,0,0,3,30,AdFemFID,7
2018,0,1093,7959,1,0,NA,Weliton,0,0,3,272,AdFemFID,7
2018,0,1093,7856,1,0,NA,Weliton,0,0,4,22,AdFemFID,9
2019,0,1093,7746,1,0,NA,Weliton,0,0,5,149,AdFemFID,5
2019,0,1093,7874,1,0,NA,Weliton,0,0,6,22,AdFemFID,3
2018,0,1094,7431,1,0,NA,Weliton,0,0,3,93,AdFemFID,9
2018,0,1094,7330,1,0,NA,Weliton,0,0,4,4,AdFemFID,8
2018,0,1094,7282,2,0,NA,Weliton,0,0,5,2,AdFemFID,7
2018,0,1094,7443,1,0,NA,Weliton,0,0,6,186,AdFemFID,10
2018,0,1094,7569,1,0,NA,Weliton,0,0,7,17,AdFemFID,7
2019,0,1094,7417,2,0,NA,Weliton,0,0,8,147,AdFemFID,2
2019,0,1094,7437,4,0,NA,Weliton,0,0,9,23,AdFemFID,2
2019,0,1095,7993,2,0,NA,Weliton,0,0,4,177,AdFemFID,14
2019,0,1095,7869,2,0,NA,Weliton,0,0,5,7,AdFemFID,4
2019,0,1096,8405,2,0,NA,Weliton,0,0,5,182,AdFemFID,12
2019,0,1096,8297,2,0,NA,Weliton,0,0,6,3,AdFemFID,14
2017,0,1099,8301,1,LPY,NA,Weliton,0,0,1,500,AdFemFID,13
2017,0,1099,8368,1,LPY,NA,Weliton,0,0,2,0,AdFemFID,11
2017,0,1099,8402,1,LPY,NA,Weliton,0,0,3,1,AdFemFID,9
2018,0,1099,8359,1,0,NA,Weliton,0,0,4,265,AdFemFID,12
2018,0,1099,8209,2,0,NA,Weliton,0,0,5,25,AdFemFID,8
2019,0,1099,8240,3,0,NA,Carolina,0,0,6,178,AdFemFID,9
2017,0,1101,8194,4,SA,NA,Weliton,0,0,1,500,AdFemFID,8
2017,0,1101,8298,2,0,NA,Weliton,0,0,2,1,AdFemFID,4
2018,0,1101,8034,1,0,NA,Weliton,0,0,3,260,AdFemFID,15
2018,0,1101,8090,1,0,NA,Weliton,0,0,4,33,AdFemFID,2
2019,0,1101,7998,3,0,NA,Carolina,0,0,5,168,AdFemFID,7
2019,0,1101,7564,1,0,NA,Carolina,0,0,6,6,AdFemFID,10
2018,0,1110,8027,1,0,NA,Weliton,0,0,1,500,AdFemFID,18
2018,0,1110,8023,1,0,NA,Weliton,0,0,2,35,AdFemFID,6
2019,0,1110,7951,3,0,NA,Carolina,0,0,3,150,AdFemFID,5
2018,0,1116,8137,2,0,NA,Weliton,0,0,1,500,AdFemFID,9
2018,0,1116,8363,1,0,NA,Weliton,0,0,2,8,AdFemFID,11
2019,0,1116,8111,7,0,NA,Carolina,0,0,3,192,AdFemFID,1
2019,0,1116,8089,1,0,NA,Carolina,0,0,4,2,AdFemFID,2
2018,0,1118,7962,1,0,NA,Weliton,0,0,1,500,AdFemFID,5
2018,0,1118,7364,1,0,NA,Weliton,0,0,2,28,AdFemFID,1
2019,0,1118,7875,2,0,NA,Weliton,0,0,3,151,AdFemFID,5
2019,0,1118,7887,1,0,NA,Weliton,0,0,4,18,AdFemFID,3
2017,0,112,7866,1,0,NA,Weliton,0,0,1,500,AdFemFID,10
2018,0,1135,8316,2,LPY,NA,Weliton,0,0,1,500,AdFemFID,12
2018,0,1135,8181,2,LPY,NA,Weliton,0,0,2,14,AdFemFID,5
2018,0,1135,8261,2,0,NA,Weliton,0,0,3,57,AdFemFID,7
2018,0,1142,7815,1,LPY,NA,Weliton,0,0,1,500,AdFemFID,4
2018,0,1142,7733,1,LPY,NA,Weliton,0,0,2,8,AdFemFID,3
2018,0,1142,7907,2,LPY,NA,Weliton,0,0,3,46,AdFemFID,3
2019,0,1142,7539,1,0,NA,Carolina,0,0,4,102,AdFemFID,5
2019,0,1142,7914,2,SA,NA,Carolina,0,0,5,1,AdFemFID,3
2018,0,1151,8381,1,LPY,NA,Weliton,0,0,1,500,AdFemFID,6
2019,0,1151,8177,1,0,NA,Weliton,0,0,2,121,AdFemFID,6
2018,0,1154,7927,2,0,NA,Weliton,0,0,1,500,AdFemFID,6
2018,0,1154,7842,1,0,NA,Weliton,0,0,2,10,AdFemFID,3
2019,0,1154,7982,2,0,NA,Carolina,0,0,3,105,AdFemFID,8
2018,0,1156,7640,2,LPY,NA,Weliton,0,0,1,500,AdFemFID,6
2018,0,1156,7422,2,LPY,NA,Weliton,0,0,2,6,AdFemFID,6
2017,0,125,7890,2,LPY,NA,Weliton,0,0,1,500,AdFemFID,6
2017,0,125,7532,2,LPY,NA,Weliton,0,0,2,11,AdFemFID,7
2017,0,125,7878,2,LPY,NA,Weliton,0,0,3,7,AdFemFID,3
2018,0,125,7785,1,0,NA,Weliton,0,0,4,196,AdFemFID,5
2018,0,125,7953,1,0,NA,Weliton,0,0,5,4,AdFemFID,3
2018,0,125,7927,1,0,NA,Weliton,0,0,6,173,AdFemFID,5
2018,0,125,7849,2,0,NA,Weliton,0,0,7,17,AdFemFID,2
2019,0,125,7807,1,0,NA,Carolina,0,0,8,177,AdFemFID,3
2019,0,125,8045,1,0,NA,Carolina,0,0,9,3,AdFemFID,1
2017,0,126,8089,3,SA,NA,Weliton,0,0,1,500,AdFemFID,8
2017,0,126,7919,2,0,NA,Weliton,0,0,2,1,AdFemFID,9
2017,0,126,7959,1,0,NA,Weliton,0,0,3,30,AdFemFID,14
2017,0,126,7965,2,SA,NA,Weliton,0,0,4,53,AdFemFID,8
2018,0,126,7919,1,0,NA,Weliton,0,0,5,285,AdFemFID,7
2018,0,126,7982,2,SA,NA,Weliton,0,0,6,15,AdFemFID,8
2019,0,126,8060,2,SA,NA,Carolina,0,0,7,202,AdFemFID,5
2019,0,126,8022,2,SA,NA,Carolina,0,0,8,4,AdFemFID,5
2017,0,137,7491,2,LPY,NA,Weliton,0,0,1,500,AdFemFID,9
2017,0,137,7262,1,LPY,NA,Weliton,0,0,2,26,AdFemFID,7
2017,0,137,7479,3,LPY,NA,Weliton,0,0,3,2,AdFemFID,5
2018,0,137,6948,1,0,NA,Weliton,0,0,4,179,AdFemFID,8
2017,0,151,7259,3,0,NA,Weliton,0,0,1,500,AdFemFID,4
2017,0,151,7577,2,0,NA,Weliton,0,0,2,26,AdFemFID,6
2017,0,151,7328,2,0,NA,Weliton,0,0,3,2,AdFemFID,5
2017,0,151,7386,2,0,NA,Weliton,0,0,4,1,AdFemFID,5
2017,0,151,7331,1,0,NA,Weliton,0,0,5,51,AdFemFID,9
2018,0,151,7535,2,0,NA,Weliton,0,0,6,305,AdFemFID,5
2018,0,151,7354,2,0,NA,Weliton,0,0,7,27,AdFemFID,5
2018,0,151,8311,1,LPY,NA,Weliton,0,0,8,49,AdFemFID,6
2019,0,151,7512,2,0,NA,Carolina,0,0,9,120,AdFemFID,7
2019,0,151,7343,1,0,NA,Carolina,0,0,10,3,AdFemFID,10
2017,0,159,7881,1,0,NA,Weliton,0,0,1,500,AdFemFID,2
2017,0,159,7711,2,0,NA,Weliton,0,0,2,28,AdFemFID,1
2017,0,159,7557,1,0,NA,Weliton,0,0,3,1,AdFemFID,3
2017,0,159,7676,1,0,NA,Weliton,0,0,4,5,AdFemFID,1
2018,0,159,7467,1,0,NA,Weliton,0,0,5,177,AdFemFID,4
2017,0,191,7720,1,LPY,NA,Weliton,0,0,1,500,AdFemFID,5
2017,0,191,7945,3,LPY,NA,Weliton,0,0,2,6,AdFemFID,2
2017,0,191,7719,2,SA,NA,Weliton,0,0,3,67,AdFemFID,4
2017,0,191,7609,1,LPY,NA,Weliton,0,0,4,15,AdFemFID,4
2018,0,191,7712,1,0,NA,Weliton,0,0,5,92,AdFemFID,4
2018,0,191,7939,1,0,NA,Weliton,0,0,6,9,AdFemFID,1
2018,0,191,8052,2,SA,NA,Weliton,0,0,7,150,AdFemFID,3
2018,0,191,8019,1,0,NA,Weliton,0,0,8,12,AdFemFID,2
2018,0,191,7886,1,0,NA,Weliton,0,0,9,43,AdFemFID,3
2019,0,191,7855,2,0,NA,Carolina,0,0,10,162,AdFemFID,6
2019,0,191,7349,1,0,NA,Carolina,0,0,11,3,AdFemFID,3
2017,0,193,7931,1,0,NA,Weliton,0,0,1,500,AdFemFID,8
2017,0,193,7978,2,0,NA,Weliton,0,0,2,23,AdFemFID,6
2017,0,193,7940,1,0,NA,Weliton,0,0,3,14,AdFemFID,7
2017,0,193,8008,2,0,NA,Weliton,0,0,4,2,AdFemFID,4
2018,0,193,7730,1,RegPY,NA,Weliton,0,0,5,174,AdFemFID,7
2018,0,193,7917,2,SA,NA,Weliton,0,0,6,175,AdFemFID,7
2018,0,193,7930,1,0,NA,Weliton,0,0,7,22,AdFemFID,13
2019,0,193,7900,2,0,NA,Carolina,0,0,8,175,AdFemFID,8
2019,0,193,7541,2,0,NA,Carolina,0,0,9,2,AdFemFID,9
2017,0,206,7730,2,LPY,NA,Weliton,0,0,1,500,AdFemFID,12
2017,0,206,7572,6,LPY,NA,Weliton,0,0,2,3,AdFemFID,7
2017,0,206,7641,1,LPY,NA,Weliton,0,0,3,13,AdFemFID,15
2018,0,206,7573,2,0,NA,Weliton,0,0,4,193,AdFemFID,3
2018,0,206,7690,1,0,NA,Weliton,0,0,5,2,AdFemFID,5
2018,0,206,7717,1,0,NA,Weliton,0,0,6,171,AdFemFID,5
2018,0,206,7679,1,0,NA,Weliton,0,0,7,3,AdFemFID,7
2019,0,206,7425,2,0,NA,Carolina,0,0,8,175,AdFemFID,3
2019,0,206,7429,1,0,NA,Carolina,0,0,9,19,AdFemFID,5
2019,0,206,7332,2,0,NA,Carolina,0,0,10,1,AdFemFID,5
2017,0,207,7312,3,0,NA,Weliton,0,0,1,500,AdFemFID,10
2017,0,207,7268,2,0,NA,Weliton,0,0,2,23,AdFemFID,7
2017,0,207,7215,4,0,NA,Weliton,0,0,3,8,AdFemFID,5
2017,0,217,7031,2,0,NA,Weliton,0,0,1,500,AdFemFID,2
2017,0,217,7059,1,0,NA,Weliton,0,0,2,9,AdFemFID,1
2017,0,224,7720,2,SA,NA,Weliton,0,0,1,500,AdFemFID,5
2017,0,224,7835,2,SA,NA,Weliton,0,0,2,94,AdFemFID,7
2018,0,224,7561,1,0,NA,Weliton,0,0,3,105,AdFemFID,8
2018,0,224,7699,1,0,NA,Weliton,0,0,4,171,AdFemFID,6
2018,0,224,7846,2,0,NA,Weliton,0,0,5,33,AdFemFID,5
2019,0,224,7802,1,0,NA,Carolina,0,0,6,170,AdFemFID,9
2017,0,242,7305,2,LPY,NA,Weliton,0,0,1,500,AdFemFID,6
2017,0,242,7499,1,LPY,NA,Weliton,0,0,2,18,AdFemFID,3
2017,0,242,7224,2,LPY,NA,Weliton,0,0,3,16,AdFemFID,5
2017,0,242,7463,1,LPY,NA,Weliton,0,0,4,49,AdFemFID,5
2018,0,242,7204,2,0,NA,Weliton,0,0,5,130,AdFemFID,3
2018,0,242,7070,1,0,NA,Weliton,0,0,6,173,AdFemFID,2
2018,0,242,7422,1,0,NA,Weliton,0,0,7,18,AdFemFID,6
2018,0,242,7484,1,0,NA,Weliton,0,0,8,7,AdFemFID,9
2019,0,242,7082,1,0,NA,Carolina,0,0,9,183,AdFemFID,5
2017,0,244,7211,4,0,NA,Weliton,0,0,1,500,AdFemFID,7
2017,0,244,7695,3,0,NA,Weliton,0,0,2,111,AdFemFID,4
2017,0,244,7607,3,0,NA,Weliton,0,0,3,4,AdFemFID,1
2018,0,244,7540,1,0,NA,Weliton,0,0,4,95,AdFemFID,3
2018,0,244,7403,2,0,NA,Weliton,0,0,5,2,AdFemFID,2
2018,0,244,7565,1,0,NA,Weliton,0,0,6,154,AdFemFID,6
2018,0,244,7427,1,0,NA,Weliton,0,0,7,35,AdFemFID,2
2018,0,244,7453,1,0,NA,Weliton,0,0,8,10,AdFemFID,2
2019,0,244,7707,2,0,NA,Carolina,0,0,9,171,AdFemFID,4
2019,0,244,7553,3,0,NA,Carolina,0,0,10,2,AdFemFID,1
2017,0,247,7555,2,0,NA,Weliton,0,0,1,500,AdFemFID,10
2017,0,247,7395,3,SA,NA,Weliton,0,0,2,29,AdFemFID,8
2017,0,249,7926,3,0,NA,Weliton,0,0,1,500,AdFemFID,8
2017,0,249,7960,3,0,NA,Weliton,0,0,2,9,AdFemFID,10
2017,0,249,7953,1,0,NA,Weliton,0,0,3,44,AdFemFID,7
2018,0,249,7916,1,RegPY,NA,Weliton,0,0,4,135,AdFemFID,6
2018,0,249,7639,1,0,NA,Weliton,0,0,5,186,AdFemFID,12
2018,0,249,7926,1,0,NA,Weliton,0,0,6,3,AdFemFID,6
2019,0,249,7992,3,0,NA,Carolina,0,0,7,178,AdFemFID,12
2017,0,258,7350,2,RegPY,NA,Weliton,0,0,1,500,AdFemFID,4
2017,0,258,7561,5,LPY,NA,Weliton,0,0,2,14,AdFemFID,5
2017,0,258,7292,4,LPY,NA,Weliton,0,0,3,11,AdFemFID,8
2017,0,258,7356,1,LPY,NA,Weliton,0,0,4,7,AdFemFID,8
2017,0,258,7537,3,LPY,NA,Weliton,0,0,5,51,AdFemFID,5
2018,0,258,7322,1,0,NA,Weliton,0,0,6,126,AdFemFID,2
2017,0,276,7974,1,0,NA,Weliton,0,0,1,500,AdFemFID,11
2017,0,276,7856,2,0,NA,Weliton,0,0,2,14,AdFemFID,8
2018,0,276,7894,1,0,NA,Weliton,0,0,3,202,AdFemFID,10
2018,0,276,7916,1,LPY,NA,Weliton,0,0,4,170,AdFemFID,8
2018,0,276,7930,1,LPY,NA,Weliton,0,0,5,25,AdFemFID,6
2018,0,276,7947,1,LPY,NA,Weliton,0,0,6,44,AdFemFID,5
2019,0,276,7976,3,0,NA,Carolina,0,0,7,116,AdFemFID,7
2019,0,276,7942,2,0,NA,Carolina,0,0,8,22,AdFemFID,5
2017,0,3,8229,5,LPY,NA,Weliton,0,0,1,500,AdFemFID,13
2017,0,3,8274,1,LPY,NA,Weliton,0,0,2,21,AdFemFID,11
2017,0,3,8216,1,LPY,NA,Weliton,0,0,3,28,AdFemFID,11
2017,0,3,8369,2,LPY,NA,Weliton,0,0,4,55,AdFemFID,9
2018,0,3,8282,1,0,NA,Weliton,0,0,5,262,AdFemFID,13
2018,0,3,8258,1,0,NA,Weliton,0,0,6,30,AdFemFID,17
2019,0,3,8351,1,0,NA,Carolina,0,0,7,173,AdFemFID,13
2019,0,3,8314,1,0,NA,Carolina,0,0,8,1,AdFemFID,2
2017,0,311,8288,2,SA,NA,Weliton,0,0,1,500,AdFemFID,13
2017,0,311,8290,1,0,NA,Weliton,0,0,2,1,AdFemFID,17
2018,0,311,8261,3,LPY,NA,Weliton,0,0,3,262,AdFemFID,17
2018,0,311,8373,1,LPY,NA,Weliton,0,0,4,28,AdFemFID,12
2019,0,311,8225,1,0,NA,Weliton,0,0,5,181,AdFemFID,11
2017,0,314,7946,3,SA,NA,Weliton,0,0,1,500,AdFemFID,11
2017,0,314,7921,3,SA,NA,Weliton,0,0,2,6,AdFemFID,1
2017,0,314,7920,1,0,NA,Weliton,0,0,3,12,AdFemFID,2
2017,0,318,7442,1,RegPY,NA,Weliton,0,0,1,500,AdFemFID,23
2017,0,318,7411,1,RegPY,NA,Weliton,0,0,2,3,AdFemFID,16
2017,0,318,7273,3,LPY,NA,Weliton,0,0,3,31,AdFemFID,8
2017,0,318,7359,1,LPY,NA,Weliton,0,0,4,1,AdFemFID,16
2018,0,318,7031,2,SA,NA,Weliton,0,0,5,185,AdFemFID,7
2018,0,318,7543,1,0,NA,Weliton,0,0,6,171,AdFemFID,7
2018,0,318,7458,2,0,NA,Weliton,0,0,7,15,AdFemFID,10
2019,0,318,7389,2,0,NA,Carolina,0,0,8,164,AdFemFID,9
2019,0,318,7520,2,0,NA,Carolina,0,0,9,17,AdFemFID,14
2019,0,318,7369,2,0,NA,Carolina,0,0,10,3,AdFemFID,13
2019,0,318,7444,2,SA,NA,Carolina,0,0,11,1,AdFemFID,7
2017,0,337,8110,3,0,NA,Weliton,0,0,1,500,AdFemFID,18
2017,0,337,7906,2,0,NA,Weliton,0,0,2,13,AdFemFID,6
2017,0,337,7963,2,0,NA,Weliton,0,0,3,5,AdFemFID,5
2018,0,337,7908,1,LPY,NA,Weliton,0,0,4,355,AdFemFID,6
2018,0,337,7926,1,RegPY,NA,Weliton,0,0,5,4,AdFemFID,6
2018,0,337,7981,1,LPY,NA,Weliton,0,0,6,16,AdFemFID,8
2017,0,342,7994,3,SA,NA,Weliton,0,0,1,500,AdFemFID,4
2017,0,342,7987,5,0,NA,Weliton,0,0,2,3,AdFemFID,7
2017,0,342,8197,3,0,NA,Weliton,0,0,3,84,AdFemFID,8
2018,0,342,7947,1,0,NA,Weliton,0,0,4,125,AdFemFID,7
2018,0,342,8260,1,0,NA,Weliton,0,0,5,3,AdFemFID,6
2018,0,342,7959,2,0,NA,Weliton,0,0,6,154,AdFemFID,7
2018,0,342,8074,3,0,NA,Weliton,0,0,7,15,AdFemFID,4
2018,0,342,7969,1,0,NA,Weliton,0,0,8,27,AdFemFID,10
2019,0,342,7860,2,0,NA,Carolina,0,0,9,174,AdFemFID,4
2019,0,342,7929,4,0,NA,Carolina,0,0,10,1,AdFemFID,4
2019,0,342,7965,1,0,NA,Carolina,0,0,11,3,AdFemFID,8
2017,0,349,7376,4,0,NA,Weliton,0,0,1,500,AdFemFID,8
2017,0,349,7579,1,0,NA,Weliton,0,0,2,1,AdFemFID,6
2017,0,349,6991,1,0,NA,Weliton,0,0,3,81,AdFemFID,4
2017,0,349,7070,3,0,NA,Weliton,0,0,4,1,AdFemFID,4
2018,0,349,7022,3,LPY,NA,Weliton,0,0,5,273,AdFemFID,7
2018,0,349,7048,1,LPY,NA,Weliton,0,0,6,15,AdFemFID,4
2019,0,349,7276,3,0,NA,Carolina,0,0,7,184,AdFemFID,11
2019,0,349,7024,1,RegPY,NA,Weliton,0,0,8,2,AdFemFID,10
2017,0,386,8221,1,0,NA,Weliton,0,0,1,500,AdFemFID,5
2017,0,386,8173,1,0,NA,Weliton,0,0,2,3,AdFemFID,2
2017,0,387,8156,1,LPY,NA,Weliton,0,0,1,500,AdFemFID,10
2017,0,387,8252,1,LPY,NA,Weliton,0,0,2,40,AdFemFID,15
2017,0,387,8081,1,LPY,NA,Weliton,0,0,3,28,AdFemFID,13
2018,0,387,8085,1,0,NA,Weliton,0,0,4,315,AdFemFID,7
2018,0,387,8107,1,0,NA,Weliton,0,0,5,3,AdFemFID,10
2019,0,387,8113,2,0,NA,Carolina,0,0,6,181,AdFemFID,9
2019,0,387,8198,1,0,NA,Carolina,0,0,7,20,AdFemFID,13
2019,0,387,8203,2,SA,NA,Carolina,0,0,8,2,AdFemFID,9
2017,0,391,8491,4,0,NA,Weliton,0,0,1,500,AdFemFID,4
2017,0,391,8310,2,0,NA,Weliton,0,0,2,18,AdFemFID,13
2018,0,391,8180,2,0,NA,Weliton,0,0,3,366,AdFemFID,13
2018,0,391,8140,1,0,NA,Weliton,0,0,4,22,AdFemFID,12
2018,0,391,8229,1,0,NA,Weliton,0,0,5,8,AdFemFID,11
2019,0,391,8112,2,0,NA,Carolina,0,0,6,152,AdFemFID,9
2019,0,391,8279,1,0,NA,Carolina,0,0,7,19,AdFemFID,9
2019,0,391,8033,3,0,NA,Carolina,0,0,8,1,AdFemFID,5
2019,0,391,8149,3,0,NA,Carolina,0,0,9,1,AdFemFID,5
2019,0,391,8207,2,0,NA,Carolina,0,0,10,1,AdFemFID,7
2017,0,394,7811,1,0,NA,Weliton,0,0,1,500,AdFemFID,4
2017,0,394,7928,3,0,NA,Weliton,0,0,2,6,AdFemFID,3
2017,0,394,8005,2,0,NA,Weliton,0,0,3,7,AdFemFID,4
2017,0,394,8005,3,0,NA,Weliton,0,0,4,13,AdFemFID,5
2017,0,396,7068,2,0,NA,Weliton,0,0,1,500,AdFemFID,5
2017,0,396,6960,1,0,NA,Weliton,0,0,2,97,AdFemFID,7
2018,0,396,7021,1,0,NA,Weliton,0,0,3,98,AdFemFID,4
2017,0,429,7803,1,LPY,NA,Weliton,0,0,1,500,AdFemFID,5
2017,0,429,7930,1,LPY,NA,Weliton,0,0,2,1,AdFemFID,8
2017,0,429,7931,1,LPY,NA,Weliton,0,0,3,5,AdFemFID,8
2017,0,429,7791,1,LPY,NA,Weliton,0,0,4,7,AdFemFID,10
2017,0,429,7757,1,LPY,NA,Weliton,0,0,5,6,AdFemFID,11
2017,0,429,7889,1,LPY,NA,Weliton,0,0,6,51,AdFemFID,5
2018,0,429,7909,1,0,NA,Weliton,0,0,7,143,AdFemFID,4
2018,0,429,7966,3,SA,NA,Weliton,0,0,8,6,AdFemFID,4
2018,0,429,7830,2,SA,NA,Weliton,0,0,9,165,AdFemFID,6
2018,0,429,7752,2,SA,NA,Weliton,0,0,10,20,AdFemFID,7
2019,0,429,7724,1,0,NA,Weliton,0,0,11,156,AdFemFID,4
2019,0,429,8109,1,0,NA,Carolina,0,0,12,2,AdFemFID,5
2019,0,429,7574,2,0,NA,Carolina,0,0,13,18,AdFemFID,9
2019,0,429,8001,3,SA,NA,Carolina,0,0,14,2,AdFemFID,6
2017,0,431,7913,2,0,NA,Weliton,0,0,1,500,AdFemFID,8
2017,0,431,7976,1,0,NA,Weliton,0,0,2,4,AdFemFID,7
2017,0,431,8005,2,0,NA,Weliton,0,0,3,36,AdFemFID,4
2017,0,431,7981,2,0,NA,Weliton,0,0,4,50,AdFemFID,10
2018,0,431,7923,1,0,NA,Weliton,0,0,5,127,AdFemFID,8
2018,0,431,8177,2,0,NA,Weliton,0,0,6,1,AdFemFID,7
2018,0,431,7920,1,0,NA,Weliton,0,0,7,154,AdFemFID,9
2017,0,447,7311,2,0,NA,Weliton,0,0,1,500,AdFemFID,4
2017,0,447,6988,2,0,NA,Weliton,0,0,2,28,AdFemFID,6
2017,0,447,7299,2,0,NA,Weliton,0,0,3,1,AdFemFID,3
2017,0,471,7550,2,LPY,NA,Weliton,0,0,1,500,AdFemFID,14
2017,0,471,7352,1,LPY,NA,Weliton,0,0,2,2,AdFemFID,6
2017,0,471,7480,1,LPY,NA,Weliton,0,0,3,7,AdFemFID,5
2017,0,471,7554,4,LPY,NA,Weliton,0,0,4,10,AdFemFID,12
2017,0,471,7527,2,LPY,NA,Weliton,0,0,5,16,AdFemFID,4
2017,0,471,7620,1,LPY,NA,Weliton,0,0,6,50,AdFemFID,8
2018,0,471,7337,2,SA,NA,Weliton,0,0,7,132,AdFemFID,5
2018,0,471,7546,2,SA,NA,Weliton,0,0,8,3,AdFemFID,9
2018,0,471,7349,2,SA,NA,Weliton,0,0,9,150,AdFemFID,7
2018,0,471,7657,1,0,NA,Weliton,0,0,10,21,AdFemFID,4
2019,0,471,7666,2,SA,NA,Carolina,0,0,11,202,AdFemFID,10
2017,0,485,7719,1,0,NA,Weliton,0,0,1,500,AdFemFID,3
2017,0,485,7692,1,0,NA,Weliton,0,0,2,5,AdFemFID,3
2017,0,485,7714,1,0,NA,Weliton,0,0,3,14,AdFemFID,7
2018,0,485,7236,1,0,NA,Weliton,0,0,4,189,AdFemFID,2
2018,0,485,7820,1,0,NA,Weliton,0,0,5,11,AdFemFID,0.5
2017,0,491,7432,2,SA,NA,Weliton,0,0,1,500,AdFemFID,8
2017,0,491,7549,2,SA,NA,Weliton,0,0,2,30,AdFemFID,5
2017,0,491,7450,2,SA,NA,Weliton,0,0,3,50,AdFemFID,4
2017,0,492,7593,2,RegPY,NA,Weliton,0,0,1,500,AdFemFID,8
2017,0,492,7419,2,LPY,NA,Weliton,0,0,2,31,AdFemFID,5
2017,0,492,7291,1,LPY,NA,Weliton,0,0,3,91,AdFemFID,5
2018,0,492,7236,2,LPY,NA,Weliton,0,0,4,246,AdFemFID,8
2018,0,492,7584,2,LPY,NA,Weliton,0,0,5,22,AdFemFID,6
2018,0,492,7301,1,LPY,NA,Weliton,0,0,6,13,AdFemFID,10
2017,0,503,7253,2,0,NA,Weliton,0,0,1,500,AdFemFID,2
2017,0,503,7300,3,0,NA,Weliton,0,0,2,2,AdFemFID,6
2017,0,503,7516,1,0,NA,Weliton,0,0,3,15,AdFemFID,7
2017,0,503,7379,4,0,NA,Weliton,0,0,4,5,AdFemFID,6
2017,0,503,7247,2,LPY,NA,Weliton,0,0,5,66,AdFemFID,5
2018,0,503,7208,1,0,NA,Weliton,0,0,6,123,AdFemFID,6
2018,0,503,7499,1,RegPY,NA,Weliton,0,0,7,6,AdFemFID,6
2018,0,503,7078,1,LPY,NA,Weliton,0,0,8,168,AdFemFID,2
2018,0,503,7259,1,RegPY,NA,Weliton,0,0,9,23,AdFemFID,4
2017,0,508,7643,2,0,NA,Weliton,0,0,1,500,AdFemFID,2
2017,0,510,8106,1,0,NA,Weliton,0,0,1,500,AdFemFID,12
2017,0,510,8188,2,0,NA,Weliton,0,0,2,7,AdFemFID,7
2017,0,510,8165,1,0,NA,Weliton,0,0,3,3,AdFemFID,11
2018,0,510,8183,1,0,NA,Weliton,0,0,4,93,AdFemFID,8
2018,0,510,8127,1,LPY,NA,Weliton,0,0,5,154,AdFemFID,14
2018,0,510,7924,1,LPY,NA,Weliton,0,0,6,23,AdFemFID,9
2019,0,510,7734,1,0,NA,Weliton,0,0,7,170,AdFemFID,10
2017,0,517,7599,1,0,NA,Weliton,0,0,1,500,AdFemFID,1
2017,0,519,7538,2,0,NA,Weliton,0,0,1,500,AdFemFID,8
2017,0,519,7562,1,RegPY,NA,Weliton,0,0,2,2,AdFemFID,5
2017,0,519,7586,1,0,NA,Weliton,0,0,3,32,AdFemFID,7
2017,0,519,7664,1,0,NA,Weliton,0,0,4,53,AdFemFID,9
2018,0,519,7592,1,0,NA,Weliton,0,0,5,130,AdFemFID,5
2018,0,519,7465,1,LPY,NA,Weliton,0,0,6,153,AdFemFID,2
2018,0,519,7429,1,LPY,NA,Weliton,0,0,7,1,AdFemFID,14
2018,0,519,7421,1,LPY,NA,Weliton,0,0,8,44,AdFemFID,5
2019,0,519,7568,3,0,NA,Carolina,0,0,9,173,AdFemFID,5
2019,0,519,7588,2,SA,NA,Carolina,0,0,10,2,AdFemFID,1
2017,0,521,7335,5,0,NA,Weliton,0,0,1,500,AdFemFID,10
2017,0,521,7535,1,0,NA,Weliton,0,0,2,20,AdFemFID,5
2017,0,521,7486,2,SA,NA,Weliton,0,0,3,16,AdFemFID,9
2018,0,521,7578,2,RegPY,NA,Weliton,0,0,4,178,AdFemFID,6
2018,0,521,7247,1,0,NA,Weliton,0,0,5,3,AdFemFID,5
2018,0,521,7467,1,LPY,NA,Weliton,0,0,6,155,AdFemFID,11
2018,0,521,7323,1,LPY,NA,Weliton,0,0,7,14,AdFemFID,7
2018,0,521,7540,2,LPY,NA,Weliton,0,0,8,19,AdFemFID,11
2018,0,521,7568,1,LPY,NA,Weliton,0,0,9,6,AdFemFID,12
2019,0,521,7635,1,0,NA,Carolina,0,0,10,155,AdFemFID,4
2019,0,521,7442,2,0,NA,Carolina,0,0,11,3,AdFemFID,5
2017,0,522,7402,2,RegPY,NA,Weliton,0,0,1,500,AdFemFID,4
2017,0,522,7380,3,LPY,NA,Weliton,0,0,2,34,AdFemFID,7
2017,0,522,7545,2,RegPY,NA,Weliton,0,0,3,2,AdFemFID,5
2017,0,522,7467,1,LPY,NA,Weliton,0,0,4,46,AdFemFID,2
2018,0,522,7541,1,0,NA,Weliton,0,0,5,143,AdFemFID,6
2018,0,522,7441,1,0,NA,Weliton,0,0,6,162,AdFemFID,5
2018,0,522,7349,2,0,NA,Weliton,0,0,7,31,AdFemFID,4
2019,0,522,7437,2,0,NA,Carolina,0,0,8,169,AdFemFID,3
2019,0,522,7304,1,0,NA,Carolina,0,0,9,7,AdFemFID,9
2017,0,523,7867,2,0,NA,Weliton,0,0,1,500,AdFemFID,5
2017,0,523,7921,2,SA,NA,Weliton,0,0,2,9,AdFemFID,1
2017,0,525,7692,3,0,NA,Weliton,0,0,1,500,AdFemFID,11
2017,0,525,7897,2,SA,NA,Weliton,0,0,2,111,AdFemFID,12
2017,0,525,7785,1,0,NA,Weliton,0,0,3,2,AdFemFID,13
2018,0,525,7835,1,RegPY,NA,Weliton,0,0,4,99,AdFemFID,13
2018,0,525,7712,2,0,NA,Weliton,0,0,5,164,AdFemFID,5
2018,0,525,7826,1,0,NA,Weliton,0,0,6,35,AdFemFID,10
2018,0,525,7749,1,0,NA,Weliton,0,0,7,27,AdFemFID,12
2019,0,525,7414,3,0,NA,Carolina,0,0,8,138,AdFemFID,6
2019,0,525,7721,4,0,NA,Carolina,0,0,9,5,AdFemFID,3
2017,0,529,8395,2,0,NA,Weliton,0,0,1,500,AdFemFID,14
2017,0,529,8345,2,0,NA,Weliton,0,0,2,4,AdFemFID,9
2018,0,529,8309,2,RegPY,NA,Weliton,0,0,3,92,AdFemFID,12
2018,0,529,8125,2,SA,NA,Weliton,0,0,4,180,AdFemFID,10
2018,0,529,8279,2,0,NA,Weliton,0,0,5,29,AdFemFID,6
2017,0,54,7208,2,SA,NA,Weliton,0,0,1,500,AdFemFID,7
2017,0,54,7457,1,0,NA,Weliton,0,0,2,20,AdFemFID,7
2017,0,553,7622,1,LPY,NA,Weliton,0,0,1,500,AdFemFID,13
2017,0,553,7313,1,LPY,NA,Weliton,0,0,2,34,AdFemFID,9
2017,0,553,7254,3,LPY,NA,Weliton,0,0,3,49,AdFemFID,8
2018,0,553,7300,1,LPY,NA,Weliton,0,0,4,301,AdFemFID,13
2018,0,553,7268,1,LPY,NA,Weliton,0,0,5,19,AdFemFID,8
2019,0,553,7590,1,0,NA,Carolina,0,0,6,162,AdFemFID,21
2019,0,553,7421,1,0,NA,Weliton,0,0,7,30,AdFemFID,9
2017,0,557,7556,2,0,NA,Weliton,0,0,1,500,AdFemFID,5
2017,0,557,7539,2,0,NA,Weliton,0,0,2,21,AdFemFID,6
2017,0,557,7611,1,0,NA,Weliton,0,0,3,15,AdFemFID,6
2017,0,557,7255,2,0,NA,Weliton,0,0,4,80,AdFemFID,6
2017,0,557,7543,2,0,NA,Weliton,0,0,5,7,AdFemFID,4
2018,0,557,7510,1,0,NA,Weliton,0,0,6,95,AdFemFID,5
2018,0,557,7477,1,RegPY,NA,Weliton,0,0,7,3,AdFemFID,4
2018,0,557,7492,1,0,NA,Weliton,0,0,8,168,AdFemFID,4
2017,0,558,7456,2,SA,NA,Weliton,0,0,1,500,AdFemFID,9
2017,0,558,7597,2,0,NA,Weliton,0,0,2,6,AdFemFID,4
2017,0,558,7557,2,0,NA,Weliton,0,0,3,16,AdFemFID,7
2018,0,558,7283,1,0,NA,Weliton,0,0,4,185,AdFemFID,8
2018,0,558,7417,1,LPY,NA,Weliton,0,0,5,169,AdFemFID,5
2018,0,558,7474,1,LPY,NA,Weliton,0,0,6,25,AdFemFID,6
2019,0,558,7377,4,SA,NA,Carolina,0,0,7,157,AdFemFID,8
2019,0,558,7384,1,0,NA,Carolina,0,0,8,19,AdFemFID,10
2017,0,562,8393,5,SA,NA,Weliton,0,0,1,500,AdFemFID,15
2017,0,562,8226,4,SA,NA,Weliton,0,0,2,73,AdFemFID,13
2017,0,562,8364,2,SA,NA,Weliton,0,0,3,49,AdFemFID,9
2018,0,562,8255,2,0,NA,Weliton,0,0,4,92,AdFemFID,3
2018,0,562,8152,1,0,NA,Weliton,0,0,5,170,AdFemFID,13
2018,0,562,8370,2,0,NA,Weliton,0,0,6,5,AdFemFID,11
2019,0,562,8287,3,0,NA,Carolina,0,0,7,197,AdFemFID,18
2019,0,562,8217,2,0,NA,Carolina,0,0,8,2,AdFemFID,6
2017,0,578,7991,2,LPY,NA,Weliton,0,0,1,500,AdFemFID,6
2017,0,578,7653,3,LPY,NA,Weliton,0,0,2,6,AdFemFID,5
2017,0,578,8041,3,LPY,NA,Weliton,0,0,3,78,AdFemFID,6
2018,0,578,7573,1,0,NA,Weliton,0,0,4,128,AdFemFID,5
2017,0,586,7818,1,0,NA,Weliton,0,0,1,500,AdFemFID,7
2017,0,586,8121,1,0,NA,Weliton,0,0,2,111,AdFemFID,6
2018,0,586,8266,1,0,NA,Weliton,0,0,3,99,AdFemFID,8
2018,0,586,8027,2,0,NA,Weliton,0,0,4,9,AdFemFID,5
2018,0,586,7783,3,0,NA,Weliton,0,0,5,165,AdFemFID,8
2018,0,586,7597,1,0,NA,Weliton,0,0,6,19,AdFemFID,7
2019,0,586,7232,3,0,NA,Carolina,0,0,7,160,AdFemFID,7
2019,0,586,7626,2,0,NA,Carolina,0,0,8,17,AdFemFID,9
2019,0,586,7471,2,SA,NA,Carolina,0,0,9,4,AdFemFID,4
2019,0,586,7491,1,0,NA,Carolina,0,0,10,2,AdFemFID,5
2017,0,603,7227,3,SA,NA,Weliton,0,0,1,500,AdFemFID,7
2017,0,603,7431,1,0,NA,Weliton,0,0,2,33,AdFemFID,2
2017,0,603,7363,2,SA,NA,Weliton,0,0,3,2,AdFemFID,7
2017,0,603,7498,2,SA,NA,Weliton,0,0,4,1,AdFemFID,2
2017,0,607,7518,2,RegPY,NA,Weliton,0,0,1,500,AdFemFID,4
2017,0,607,7537,1,RegPY,NA,Weliton,0,0,2,13,AdFemFID,10
2017,0,607,7415,1,RegPY,NA,Weliton,0,0,3,5,AdFemFID,6
2018,0,607,7033,1,0,NA,Weliton,0,0,4,185,AdFemFID,3
2018,0,607,7054,1,0,NA,Weliton,0,0,5,4,AdFemFID,3
2018,0,607,7456,2,0,NA,Weliton,0,0,6,151,AdFemFID,9
2018,0,607,7318,2,0,NA,Weliton,0,0,7,16,AdFemFID,2
2018,0,607,7519,1,0,NA,Weliton,0,0,8,34,AdFemFID,4
2019,0,607,7424,2,0,NA,Weliton,0,0,9,145,AdFemFID,5
2019,0,607,7251,2,0,NA,Carolina,0,0,10,3,AdFemFID,8
2019,0,607,7234,4,0,NA,Carolina,0,0,11,25,AdFemFID,3
2017,0,612,7009,3,LPY,NA,Weliton,0,0,1,500,AdFemFID,3
2018,0,612,6956,2,SA,NA,Weliton,0,0,2,357,AdFemFID,15
2018,0,612,7295,2,SA,NA,Weliton,0,0,3,15,AdFemFID,6
2017,0,623,7916,5,LPY,NA,Weliton,0,0,1,500,AdFemFID,5
2017,0,623,7529,2,LPY,NA,Weliton,0,0,2,27,AdFemFID,5
2018,0,623,7533,1,0,NA,Weliton,0,0,3,185,AdFemFID,4
2018,0,623,7741,1,0,NA,Weliton,0,0,4,1,AdFemFID,3
2018,0,623,7467,1,0,NA,Weliton,0,0,5,146,AdFemFID,7
2018,0,623,7693,1,0,NA,Weliton,0,0,6,18,AdFemFID,4
2018,0,623,7884,2,SA,NA,Weliton,0,0,7,23,AdFemFID,5
2019,0,623,7744,4,0,NA,Carolina,0,0,8,159,AdFemFID,3
2019,0,623,7835,1,0,NA,Carolina,0,0,9,21,AdFemFID,2
2017,0,625,7495,1,0,NA,Weliton,0,0,1,500,AdFemFID,8
2017,0,625,7298,1,0,NA,Weliton,0,0,2,17,AdFemFID,11
2017,0,625,7500,1,0,NA,Weliton,0,0,3,7,AdFemFID,6
2018,0,625,7342,4,RegPY,NA,Weliton,0,0,4,334,AdFemFID,4
2018,0,625,7381,2,0,NA,Weliton,0,0,5,47,AdFemFID,4
2019,0,625,7480,2,0,NA,Carolina,0,0,6,169,AdFemFID,6
2019,0,625,7579,5,0,NA,Carolina,0,0,7,4,AdFemFID,2
2017,0,635,7573,2,0,NA,Weliton,0,0,1,500,AdFemFID,9
2017,0,635,7420,1,0,NA,Weliton,0,0,2,32,AdFemFID,7
2017,0,635,7524,2,0,NA,Weliton,0,0,3,4,AdFemFID,5
2018,0,635,7365,2,0,NA,Weliton,0,0,4,182,AdFemFID,5
2018,0,635,7549,2,RegPY,NA,Weliton,0,0,5,3,AdFemFID,4
2018,0,635,7404,2,RegPY,NA,Weliton,0,0,6,150,AdFemFID,2
2018,0,635,7244,1,RegPY,NA,Weliton,0,0,7,1,AdFemFID,5
2018,0,635,7382,1,LPY,NA,Weliton,0,0,8,34,AdFemFID,14
2018,0,635,7449,1,LPY,NA,Weliton,0,0,9,6,AdFemFID,4
2019,0,635,7492,1,0,NA,Carolina,0,0,10,156,AdFemFID,5
2019,0,635,7463,4,SA,NA,Carolina,0,0,11,2,AdFemFID,20
2019,0,635,7405,2,SA,NA,Carolina,0,0,12,19,AdFemFID,7
2017,0,64,7936,1,0,NA,Weliton,0,0,1,500,AdFemFID,6
2017,0,64,8019,1,0,NA,Weliton,0,0,2,3,AdFemFID,9
2017,0,64,8303,1,0,NA,Weliton,0,0,3,45,AdFemFID,12
2018,0,64,7054,1,0,NA,Weliton,0,0,4,91,AdFemFID,16
2018,0,64,7992,1,0,NA,Weliton,0,0,5,10,AdFemFID,5
2017,0,643,8026,4,0,NA,Weliton,0,0,1,500,AdFemFID,11
2017,0,643,7851,1,0,NA,Weliton,0,0,2,74,AdFemFID,7
2018,0,643,8219,1,0,NA,Weliton,0,0,3,140,AdFemFID,3
2018,0,643,8103,3,0,NA,Weliton,0,0,4,168,AdFemFID,8
2018,0,643,7942,1,0,NA,Weliton,0,0,5,13,AdFemFID,4
2018,0,643,7937,1,0,NA,Weliton,0,0,6,12,AdFemFID,6
2019,0,643,8023,2,0,NA,Carolina,0,0,7,178,AdFemFID,4
2017,0,645,8252,3,0,NA,Weliton,0,0,1,500,AdFemFID,10
2017,0,645,8076,2,0,NA,Weliton,0,0,2,68,AdFemFID,8
2017,0,645,7930,1,0,NA,Weliton,0,0,3,7,AdFemFID,9
2018,0,645,8094,2,LPY,NA,Weliton,0,0,4,149,AdFemFID,13
2018,0,645,7923,1,RegPY,NA,Weliton,0,0,5,159,AdFemFID,12
2018,0,645,8081,2,RegPY,NA,Weliton,0,0,6,35,AdFemFID,8
2019,0,645,8007,1,0,NA,Carolina,0,0,7,148,AdFemFID,6
2019,0,645,8076,2,SA,NA,Carolina,0,0,8,20,AdFemFID,5
2019,0,645,8179,3,SA,NA,Carolina,0,0,9,0,AdFemFID,5
2019,0,645,8160,3,SA,NA,Carolina,0,0,10,1,AdFemFID,9
2019,0,645,8243,2,SA,NA,Carolina,0,0,11,2,AdFemFID,5
2017,0,647,7923,1,RegPY,NA,Weliton,0,0,1,500,AdFemFID,5
2017,0,647,7604,1,LPY,NA,Weliton,0,0,2,24,AdFemFID,6
2017,0,647,7942,1,LPY,NA,Weliton,0,0,3,12,AdFemFID,11
2018,0,647,7951,1,0,NA,Weliton,0,0,4,182,AdFemFID,4
2018,0,647,7776,2,0,NA,Weliton,0,0,5,153,AdFemFID,7
2018,0,647,7987,2,SA,NA,Weliton,0,0,6,40,AdFemFID,5
2019,0,647,7843,1,0,NA,Weliton,0,0,7,154,AdFemFID,6
2019,0,647,7979,4,0,NA,Carolina,0,0,8,21,AdFemFID,9
2019,0,647,8122,2,0,NA,Carolina,0,0,9,2,AdFemFID,6
2019,0,647,7985,2,0,NA,Carolina,0,0,10,1,AdFemFID,9
2017,0,666,7087,2,LPY,NA,Weliton,0,0,1,500,AdFemFID,3
2017,0,666,7374,3,LPY,NA,Weliton,0,0,2,5,AdFemFID,1
2017,0,666,7471,2,LPY,NA,Weliton,0,0,3,2,AdFemFID,4
2018,0,666,6994,2,SA,NA,Weliton,0,0,4,185,AdFemFID,5
2017,0,679,7816,4,RegPY,NA,Weliton,0,0,1,500,AdFemFID,5
2017,0,679,7550,2,LPY,NA,Weliton,0,0,2,32,AdFemFID,7
2017,0,679,7500,2,LPY,NA,Weliton,0,0,3,4,AdFemFID,13
2017,0,679,7966,1,LPY,NA,Weliton,0,0,4,3,AdFemFID,10
2017,0,680,8007,1,0,NA,Weliton,0,0,1,500,AdFemFID,6
2017,0,680,7923,2,0,NA,Weliton,0,0,2,71,AdFemFID,10
2018,0,680,8010,2,LPY,NA,Weliton,0,0,3,311,AdFemFID,5
2018,0,680,7977,2,LPY,NA,Weliton,0,0,4,7,AdFemFID,5
2018,0,680,7584,1,LPY,NA,Weliton,0,0,5,18,AdFemFID,4
2019,0,680,7497,3,SA,NA,Carolina,0,0,6,157,AdFemFID,13
2017,0,718,7767,1,RegPY,NA,Weliton,0,0,1,500,AdFemFID,8
2017,0,718,7600,3,LPY,NA,Weliton,0,0,2,6,AdFemFID,10
2017,0,718,7486,2,RegPY,NA,Weliton,0,0,3,26,AdFemFID,7
2018,0,718,7464,1,0,NA,Weliton,0,0,4,175,AdFemFID,4
2018,0,718,7574,1,0,NA,Weliton,0,0,5,10,AdFemFID,6
2018,0,718,7472,1,0,NA,Weliton,0,0,6,147,AdFemFID,4
2018,0,718,7290,1,0,NA,Weliton,0,0,7,2,AdFemFID,1
2018,0,718,7838,1,0,NA,Weliton,0,0,8,20,AdFemFID,4
2017,0,729,7656,1,0,NA,Weliton,0,0,1,500,AdFemFID,2
2017,0,729,7547,1,0,NA,Weliton,0,0,2,8,AdFemFID,6
2017,0,729,7616,3,SA,NA,Weliton,0,0,3,28,AdFemFID,5
2017,0,731,7732,2,SA,NA,Weliton,0,0,1,500,AdFemFID,4
2017,0,731,7959,2,RegPY,NA,Weliton,0,0,2,7,AdFemFID,4
2017,0,731,7957,1,RegPY,NA,Weliton,0,0,3,17,AdFemFID,7
2017,0,731,7989,1,RegPY,NA,Weliton,0,0,4,8,AdFemFID,10
2018,0,731,8038,2,0,NA,Weliton,0,0,5,193,AdFemFID,2
2018,0,731,7976,2,SA,NA,Weliton,0,0,6,164,AdFemFID,2
2018,0,731,7974,2,SA,NA,Weliton,0,0,7,28,AdFemFID,8
2019,0,731,8028,4,SA,NA,Carolina,0,0,8,170,AdFemFID,4
2019,0,731,8021,3,SA,NA,Carolina,0,0,9,2,AdFemFID,4
2017,0,734,8462,2,0,NA,Weliton,0,0,1,500,AdFemFID,6
2017,0,734,8222,3,SA,NA,Weliton,0,0,2,18,AdFemFID,9
2017,0,734,8052,2,SA,NA,Weliton,0,0,3,20,AdFemFID,12
2017,0,734,8254,1,0,NA,Weliton,0,0,4,1,AdFemFID,6
2017,0,734,8101,3,SA,NA,Weliton,0,0,5,28,AdFemFID,6
2018,0,734,8320,1,0,NA,Weliton,0,0,6,156,AdFemFID,5
2018,0,734,8254,1,0,NA,Weliton,0,0,7,161,AdFemFID,9
2018,0,734,7990,2,0,NA,Weliton,0,0,8,33,AdFemFID,8
2019,0,734,8152,1,0,NA,Carolina,0,0,9,149,AdFemFID,5
2019,0,734,8287,1,0,NA,Carolina,0,0,10,19,AdFemFID,4
2019,0,734,8060,1,0,NA,Carolina,0,0,11,1,AdFemFID,2
2019,0,734,8081,1,0,NA,Carolina,0,0,12,2,AdFemFID,6
2017,0,743,7545,2,RegPY,NA,Weliton,0,0,1,500,AdFemFID,4
2017,0,743,7585,1,RegPY,NA,Weliton,0,0,2,19,AdFemFID,13
2017,0,743,7569,1,RegPY,NA,Weliton,0,0,3,17,AdFemFID,5
2017,0,743,7485,1,LPY,NA,Weliton,0,0,4,46,AdFemFID,5
2018,0,743,7727,1,0,NA,Weliton,0,0,5,134,AdFemFID,3
2018,0,743,7587,2,0,NA,Weliton,0,0,6,3,AdFemFID,6
2018,0,743,7476,1,0,NA,Weliton,0,0,7,152,AdFemFID,2
2018,0,743,7404,1,0,NA,Weliton,0,0,8,18,AdFemFID,7
2019,0,743,7544,2,0,NA,Carolina,0,0,9,179,AdFemFID,8
2017,0,745,7900,2,SA,NA,Weliton,0,0,1,500,AdFemFID,7
2017,0,745,7699,2,SA,NA,Weliton,0,0,2,104,AdFemFID,6
2018,0,745,7706,1,0,NA,Weliton,0,0,3,116,AdFemFID,4
2018,0,745,7878,1,RegPY,NA,Weliton,0,0,4,150,AdFemFID,7
2018,0,745,7812,2,0,NA,Weliton,0,0,5,37,AdFemFID,4
2018,0,745,7820,1,0,NA,Weliton,0,0,6,3,AdFemFID,7
2019,0,745,7608,2,0,NA,Carolina,0,0,7,152,AdFemFID,4
2019,0,745,7669,4,0,NA,Carolina,0,0,8,3,AdFemFID,8
2019,0,745,7739,1,0,NA,Carolina,0,0,9,24,AdFemFID,3
2017,0,771,7951,1,0,NA,Weliton,0,0,1,500,AdFemFID,7
2017,0,771,7715,1,0,NA,Weliton,0,0,2,32,AdFemFID,8
2018,0,771,7721,2,LPY,NA,Weliton,0,0,3,357,AdFemFID,7
2018,0,771,7968,1,LPY,NA,Weliton,0,0,4,21,AdFemFID,6
2019,0,771,7908,2,SA,NA,Carolina,0,0,5,157,AdFemFID,5
2019,0,771,8034,6,SA,NA,Carolina,0,0,6,17,AdFemFID,4
2017,0,807,7484,2,LPY,NA,Weliton,0,0,1,500,AdFemFID,7
2017,0,807,7611,4,LPY,NA,Weliton,0,0,2,3,AdFemFID,6
2017,0,807,7472,1,LPY,NA,Weliton,0,0,3,10,AdFemFID,7
2018,0,807,7704,2,LPY,NA,Weliton,0,0,4,380,AdFemFID,6
2018,0,807,7362,1,LPY,NA,Weliton,0,0,5,4,AdFemFID,3
2018,0,807,7465,1,LPY,NA,Weliton,0,0,6,15,AdFemFID,4
2019,0,807,7284,2,SA,NA,Carolina,0,0,7,159,AdFemFID,2
2019,0,807,7267,2,SA,NA,Carolina,0,0,8,23,AdFemFID,2
2017,0,811,7259,1,0,NA,Weliton,0,0,1,500,AdFemFID,10
2017,0,811,7390,2,0,NA,Weliton,0,0,2,30,AdFemFID,11
2017,0,816,7999,3,LPY,NA,Weliton,0,0,1,500,AdFemFID,17
2017,0,821,7411,4,0,NA,Weliton,0,0,1,500,AdFemFID,6
2017,0,821,7516,2,0,NA,Weliton,0,0,2,28,AdFemFID,3
2017,0,821,7345,2,0,NA,Weliton,0,0,3,1,AdFemFID,2
2018,0,821,7343,1,0,NA,Weliton,0,0,4,181,AdFemFID,5
2018,0,821,7575,1,0,NA,Weliton,0,0,5,8,AdFemFID,6
2017,0,824,8001,2,SA,NA,Weliton,0,0,1,500,AdFemFID,9
2017,0,824,7990,5,SA,NA,Weliton,0,0,2,19,AdFemFID,8
2017,0,824,7672,2,0,NA,Weliton,0,0,3,46,AdFemFID,15
2018,0,824,7751,3,LPY,NA,Weliton,0,0,4,308,AdFemFID,13
2018,0,824,7995,2,LPY,NA,Weliton,0,0,5,4,AdFemFID,7
2018,0,824,7665,2,LPY,NA,Weliton,0,0,6,18,AdFemFID,6
2019,0,824,7652,2,SA,NA,Carolina,0,0,7,175,AdFemFID,14
2017,0,827,8186,1,RegPY,NA,Weliton,0,0,1,500,AdFemFID,11
2017,0,827,8134,1,LPY,NA,Weliton,0,0,2,55,AdFemFID,12
2017,0,827,8363,2,LPY,NA,Weliton,0,0,3,51,AdFemFID,3
2017,0,827,8524,2,LPY,NA,Weliton,0,0,4,1,AdFemFID,11
2018,0,827,8151,3,LPY,NA,Weliton,0,0,5,260,AdFemFID,11
2018,0,827,8165,2,LPY,NA,Weliton,0,0,6,22,AdFemFID,6
2018,0,827,7832,1,LPY,NA,Weliton,0,0,7,2,AdFemFID,8
2019,0,827,8469,3,SA,NA,Carolina,0,0,8,180,AdFemFID,10
2019,0,827,8132,3,0,NA,Weliton,0,0,9,3,AdFemFID,8
2017,0,831,8009,2,0,NA,Weliton,0,0,1,500,AdFemFID,6
2017,0,831,7776,1,RegPY,NA,Weliton,0,0,2,79,AdFemFID,10
2018,0,831,7610,1,0,NA,Weliton,0,0,3,140,AdFemFID,3
2018,0,831,7646,2,0,NA,Weliton,0,0,4,152,AdFemFID,11
2018,0,831,7840,1,RegPY,NA,Weliton,0,0,5,41,AdFemFID,3
2017,0,832,7900,1,0,NA,Weliton,0,0,1,500,AdFemFID,2
2017,0,832,8032,2,SA,NA,Weliton,0,0,2,3,AdFemFID,1
2017,0,832,7992,1,0,NA,Weliton,0,0,3,68,AdFemFID,4
2018,0,832,7995,2,0,NA,Weliton,0,0,4,360,AdFemFID,4
2018,0,832,7961,1,0,NA,Weliton,0,0,5,4,AdFemFID,4
2017,0,834,6957,2,LPY,NA,Weliton,0,0,1,500,AdFemFID,10
2017,0,834,7075,2,LPY,NA,Weliton,0,0,2,2,AdFemFID,5
2018,0,834,7317,1,0,NA,Weliton,0,0,3,98,AdFemFID,7
2018,0,834,7031,2,SA,NA,Weliton,0,0,4,171,AdFemFID,6
2018,0,834,7476,2,0,NA,Weliton,0,0,5,36,AdFemFID,4
2019,0,834,7336,1,0,NA,Weliton,0,0,6,170,AdFemFID,6
2017,0,835,8119,2,0,NA,Weliton,0,0,1,500,AdFemFID,10
2017,0,835,8031,3,0,NA,Weliton,0,0,2,22,AdFemFID,15
2017,0,835,8036,1,0,NA,Weliton,0,0,3,17,AdFemFID,10
2018,0,835,7931,1,0,NA,Weliton,0,0,4,179,AdFemFID,6
2017,0,839,7739,2,0,NA,Weliton,0,0,1,500,AdFemFID,7
2017,0,839,8051,1,0,NA,Weliton,0,0,2,111,AdFemFID,5
2017,0,839,7574,1,0,NA,Weliton,0,0,3,5,AdFemFID,5
2018,0,839,7576,1,0,NA,Weliton,0,0,4,96,AdFemFID,6
2018,0,839,7853,3,0,NA,Weliton,0,0,5,194,AdFemFID,7
2018,0,839,7663,1,0,NA,Weliton,0,0,6,4,AdFemFID,5
2017,0,847,8098,3,0,NA,Weliton,0,0,1,500,AdFemFID,9
2017,0,847,8027,2,0,NA,Weliton,0,0,2,20,AdFemFID,8
2018,0,847,7817,1,RegPY,NA,Weliton,0,0,3,350,AdFemFID,7
2018,0,847,8052,1,RegPY,NA,Weliton,0,0,4,29,AdFemFID,8
2017,0,851,7931,2,0,NA,Weliton,0,0,1,500,AdFemFID,4
2017,0,851,7948,2,0,NA,Weliton,0,0,2,99,AdFemFID,3
2018,0,851,7409,1,0,NA,Weliton,0,0,3,98,AdFemFID,2
2018,0,851,8050,2,0,NA,Weliton,0,0,4,176,AdFemFID,6
2018,0,851,7768,2,0,NA,Weliton,0,0,5,14,AdFemFID,4
2019,0,851,7579,1,0,NA,Carolina,0,0,6,160,AdFemFID,5
2019,0,851,7992,2,0,NA,Weliton,0,0,7,1,AdFemFID,3
2019,0,851,7603,1,0,NA,Carolina,0,0,8,3,AdFemFID,6
2019,0,851,7752,2,0,NA,Weliton,0,0,9,17,AdFemFID,2
2017,0,86,7468,1,0,NA,Weliton,0,0,1,500,AdFemFID,6
2017,0,86,7351,3,0,NA,Weliton,0,0,2,16,AdFemFID,7
2017,0,86,7422,1,0,NA,Weliton,0,0,3,51,AdFemFID,8
2018,0,86,7280,2,0,NA,Weliton,0,0,4,128,AdFemFID,5
2018,0,86,7366,1,0,NA,Weliton,0,0,5,2,AdFemFID,9
2018,0,86,7245,1,0,NA,Weliton,0,0,6,154,AdFemFID,5
2018,0,86,7460,2,0,NA,Weliton,0,0,7,49,AdFemFID,9
2019,0,86,7228,1,0,NA,Carolina,0,0,8,148,AdFemFID,2
2019,0,86,7286,3,0,NA,Carolina,0,0,9,2,AdFemFID,5
2017,0,876,7804,1,0,NA,Weliton,0,0,1,500,AdFemFID,4
2017,0,876,7777,2,0,NA,Weliton,0,0,2,17,AdFemFID,3
2018,0,876,7728,1,0,NA,Weliton,0,0,3,196,AdFemFID,1
2017,0,888,7546,2,0,NA,Weliton,0,0,1,500,AdFemFID,4
2017,0,888,7604,1,0,NA,Weliton,0,0,2,22,AdFemFID,4
2018,0,888,7219,1,0,NA,Weliton,0,0,3,181,AdFemFID,3
2018,0,888,7469,1,RegPY,NA,Weliton,0,0,4,5,AdFemFID,4
2018,0,888,7279,1,0,NA,Weliton,0,0,5,152,AdFemFID,5
2018,0,888,7364,2,0,NA,Weliton,0,0,6,45,AdFemFID,6
2019,0,888,7227,3,0,NA,Carolina,0,0,7,151,AdFemFID,5
2019,0,888,7593,1,0,NA,Carolina,0,0,8,25,AdFemFID,4
2017,0,889,7553,1,0,NA,Weliton,0,0,1,500,AdFemFID,4
2017,0,889,7977,2,0,NA,Weliton,0,0,2,39,AdFemFID,2
2017,0,889,7589,1,0,NA,Weliton,0,0,3,36,AdFemFID,2
2017,0,889,7943,2,0,NA,Weliton,0,0,4,14,AdFemFID,4
2017,0,89,7285,2,SA,NA,Weliton,0,0,1,500,AdFemFID,8
2017,0,89,7413,1,0,NA,Weliton,0,0,2,2,AdFemFID,8
2017,0,89,7350,1,0,NA,Weliton,0,0,3,23,AdFemFID,7
2018,0,89,7245,2,0,NA,Weliton,0,0,4,189,AdFemFID,3
2018,0,89,7298,1,0,NA,Weliton,0,0,5,2,AdFemFID,5
2018,0,89,7510,2,0,NA,Weliton,0,0,6,155,AdFemFID,2
2018,0,89,7479,1,0,NA,Weliton,0,0,7,15,AdFemFID,1
2018,0,89,7333,1,0,NA,Weliton,0,0,8,25,AdFemFID,4
2019,0,89,7295,2,0,NA,Carolina,0,0,9,158,AdFemFID,5
2019,0,89,7338,3,0,NA,Carolina,0,0,10,20,AdFemFID,2
2019,0,89,7577,2,0,NA,Carolina,0,0,11,1,AdFemFID,6
2017,0,892,7352,1,0,NA,Weliton,0,0,1,500,AdFemFID,6
2017,0,892,7233,2,0,NA,Weliton,0,0,2,2,AdFemFID,5
2017,0,892,7485,1,0,NA,Weliton,0,0,3,20,AdFemFID,7
2018,0,892,7538,1,0,NA,Weliton,0,0,4,190,AdFemFID,4
2018,0,892,7275,1,0,NA,Weliton,0,0,5,3,AdFemFID,4
2018,0,892,7441,3,0,NA,Weliton,0,0,6,155,AdFemFID,4
2018,0,892,7424,1,0,NA,Weliton,0,0,7,16,AdFemFID,4
2018,0,892,7435,1,0,NA,Weliton,0,0,8,27,AdFemFID,4
2019,0,892,7014,1,0,NA,Carolina,0,0,9,171,AdFemFID,4
2019,0,892,7263,3,0,NA,Carolina,0,0,10,3,AdFemFID,9
2018,0,893,7392,1,0,NA,Weliton,0,0,4,91,AdFemFID,2
2018,0,893,7053,2,0,NA,Weliton,0,0,5,2,AdFemFID,1
2018,0,893,7597,1,0,NA,Weliton,0,0,6,6,AdFemFID,2
2018,0,893,7026,2,0,NA,Weliton,0,0,7,165,AdFemFID,1
2018,0,893,7065,1,0,NA,Weliton,0,0,8,19,AdFemFID,3
2018,0,895,7651,1,0,NA,Weliton,0,0,4,95,AdFemFID,17
2018,0,895,7638,2,0,NA,Weliton,0,0,5,4,AdFemFID,6
2018,0,895,7720,3,0,NA,Weliton,0,0,6,166,AdFemFID,2
2018,0,895,7844,1,0,NA,Weliton,0,0,7,33,AdFemFID,2
2019,0,895,7561,1,0,NA,Weliton,0,0,8,146,AdFemFID,3
2019,0,895,7775,3,0,NA,Weliton,0,0,9,18,AdFemFID,5
2017,0,897,7513,3,0,NA,Weliton,0,0,1,500,AdFemFID,0.5
2017,0,897,7582,1,0,NA,Weliton,0,0,2,5,AdFemFID,1
2017,0,897,7645,1,0,NA,Weliton,0,0,3,13,AdFemFID,3
2017,0,897,7603,1,0,NA,Weliton,0,0,4,60,AdFemFID,1
2018,0,897,7573,1,RegPY,NA,Weliton,0,0,5,139,AdFemFID,2
2018,0,897,7312,1,LPY,NA,Weliton,0,0,6,162,AdFemFID,2
2018,0,897,7392,2,LPY,NA,Weliton,0,0,7,29,AdFemFID,2
2019,0,897,7342,2,SA,NA,Carolina,0,0,8,154,AdFemFID,2
2019,0,897,7482,2,SA,NA,Carolina,0,0,9,17,AdFemFID,4
2018,0,901,8124,3,0,NA,Weliton,0,0,5,142,AdFemFID,8
2018,0,901,7925,1,0,NA,Weliton,0,0,6,7,AdFemFID,8
2018,0,901,7959,2,0,NA,Weliton,0,0,7,164,AdFemFID,12
2018,0,901,8039,3,0,NA,Weliton,0,0,8,5,AdFemFID,9
2018,0,901,8053,3,0,NA,Weliton,0,0,9,20,AdFemFID,9
2019,0,901,8153,3,0,NA,Weliton,0,0,10,158,AdFemFID,6
2019,0,901,7950,2,0,NA,Weliton,0,0,11,16,AdFemFID,12
2017,0,902,8063,1,0,NA,Weliton,0,0,1,500,AdFemFID,2
2017,0,902,7867,1,0,NA,Weliton,0,0,2,6,AdFemFID,4
2017,0,902,7919,1,0,NA,Weliton,0,0,3,7,AdFemFID,1
2017,0,902,7881,1,0,NA,Weliton,0,0,4,53,AdFemFID,5
2018,0,902,7922,1,0,NA,Weliton,0,0,5,285,AdFemFID,4
2018,0,902,7689,1,0,NA,Weliton,0,0,6,15,AdFemFID,4
2018,0,902,7888,2,0,NA,Weliton,0,0,7,4,AdFemFID,4
2019,0,902,7985,3,0,NA,Carolina,0,0,8,178,AdFemFID,17
2017,0,906,7956,4,LPY,NA,Weliton,0,0,1,500,AdFemFID,11
2017,0,906,7602,1,LPY,NA,Weliton,0,0,2,22,AdFemFID,8
2017,0,906,7638,2,LPY,NA,Weliton,0,0,3,15,AdFemFID,10
2018,0,906,8050,1,0,NA,Weliton,0,0,4,184,AdFemFID,3
2018,0,906,7580,1,0,NA,Weliton,0,0,5,186,AdFemFID,4
2018,0,906,7711,1,0,NA,Weliton,0,0,6,7,AdFemFID,4
2019,0,906,7567,2,0,NA,Carolina,0,0,7,171,AdFemFID,11
2019,0,906,7955,1,0,NA,Carolina,0,0,8,3,AdFemFID,6
2018,0,908,7600,2,0,NA,Weliton,0,0,5,355,AdFemFID,5
2018,0,908,7784,1,0,NA,Weliton,0,0,6,29,AdFemFID,5
2019,0,908,7614,3,0,NA,Weliton,0,0,7,149,AdFemFID,3
2019,0,908,7727,1,0,NA,Weliton,0,0,8,18,AdFemFID,6
2018,0,909,7056,1,0,NA,Weliton,0,0,4,185,AdFemFID,0.5
2018,0,909,7241,1,0,NA,Weliton,0,0,5,152,AdFemFID,1
2018,0,909,7349,1,0,NA,Weliton,0,0,6,15,AdFemFID,1
2019,0,909,7621,1,0,NA,Weliton,0,0,7,182,AdFemFID,2
2019,0,909,7579,1,0,NA,Weliton,0,0,8,19,AdFemFID,1
2017,0,913,8004,2,0,NA,Weliton,0,0,1,500,AdFemFID,7
2017,0,913,7887,2,SA,NA,Weliton,0,0,2,98,AdFemFID,7
2017,0,913,8010,1,0,NA,Weliton,0,0,3,5,AdFemFID,6
2018,0,913,8135,2,0,NA,Weliton,0,0,4,94,AdFemFID,7
2018,0,913,8016,1,0,NA,Weliton,0,0,5,168,AdFemFID,4
2018,0,913,7790,3,SA,NA,Weliton,0,0,6,33,AdFemFID,6
2018,0,913,7705,1,0,NA,Weliton,0,0,7,18,AdFemFID,5
2019,0,913,7976,1,0,NA,Carolina,0,0,8,135,AdFemFID,9
2019,0,913,7706,2,0,NA,Carolina,0,0,9,22,AdFemFID,30
2018,0,914,7889,1,0,NA,Weliton,0,0,6,290,AdFemFID,5
2018,0,914,7649,2,0,NA,Weliton,0,0,7,4,AdFemFID,7
2019,0,914,7424,4,0,NA,Weliton,0,0,8,152,AdFemFID,8
2019,0,914,7855,2,0,NA,Weliton,0,0,9,18,AdFemFID,10
2017,0,915,7933,3,LPY,NA,Weliton,0,0,1,500,AdFemFID,17
2017,0,915,8010,2,LPY,NA,Weliton,0,0,2,1,AdFemFID,8
2017,0,915,8153,2,LPY,NA,Weliton,0,0,3,17,AdFemFID,5
2017,0,915,7954,1,LPY,NA,Weliton,0,0,4,55,AdFemFID,9
2017,0,915,7862,1,LPY,NA,Weliton,0,0,5,11,AdFemFID,6
2017,0,917,8023,3,LPY,NA,Weliton,0,0,1,500,AdFemFID,5
2017,0,917,8047,1,LPY,NA,Weliton,0,0,2,0,AdFemFID,6
2017,0,917,8198,5,LPY,NA,Weliton,0,0,3,19,AdFemFID,10
2017,0,917,7986,2,RegPY,NA,Weliton,0,0,4,12,AdFemFID,8
2018,0,917,8308,2,0,NA,Weliton,0,0,5,193,AdFemFID,8
2018,0,917,8028,1,RegPY,NA,Weliton,0,0,6,160,AdFemFID,10
2018,0,917,7905,1,LPY,NA,Weliton,0,0,7,24,AdFemFID,5
2018,0,917,8206,3,LPY,NA,Weliton,0,0,8,14,AdFemFID,10
2019,0,917,8025,3,SA,NA,Carolina,0,0,9,163,AdFemFID,16
2019,0,917,8008,2,SA,NA,Carolina,0,0,10,6,AdFemFID,9
2018,0,918,8267,2,0,NA,Weliton,0,0,3,140,AdFemFID,12
2018,0,918,7920,1,0,NA,Weliton,0,0,4,168,AdFemFID,15
2018,0,918,7838,2,0,NA,Weliton,0,0,5,35,AdFemFID,8
2019,0,918,8274,4,0,NA,Weliton,0,0,6,148,AdFemFID,9
2019,0,918,8244,2,0,NA,Weliton,0,0,7,22,AdFemFID,10
2017,0,919,8071,2,0,NA,Weliton,0,0,1,500,AdFemFID,10
2017,0,919,8324,1,0,NA,Weliton,0,0,2,73,AdFemFID,10
2018,0,921,6999,2,0,NA,Weliton,0,0,4,91,AdFemFID,9
2018,0,921,7677,1,0,NA,Weliton,0,0,5,4,AdFemFID,2
2018,0,921,7250,3,0,NA,Weliton,0,0,6,150,AdFemFID,1
2018,0,921,7339,2,0,NA,Weliton,0,0,7,18,AdFemFID,2
2019,0,921,7336,1,0,NA,Weliton,0,0,8,179,AdFemFID,4
2019,0,921,7526,1,0,NA,Weliton,0,0,9,18,AdFemFID,1
2018,0,923,7394,1,0,NA,Weliton,0,0,3,183,AdFemFID,2
2018,0,923,7056,1,0,NA,Weliton,0,0,4,2,AdFemFID,7
2018,0,923,7513,1,0,NA,Weliton,0,0,5,1,AdFemFID,3
2018,0,923,7420,1,0,NA,Weliton,0,0,6,151,AdFemFID,7
2018,0,923,7418,1,0,NA,Weliton,0,0,7,15,AdFemFID,3
2019,0,923,7508,1,0,NA,Weliton,0,0,8,179,AdFemFID,3
2019,0,923,8098,1,0,NA,Weliton,0,0,9,23,AdFemFID,16
2019,0,923,7252,4,0,NA,Weliton,0,0,10,1,AdFemFID,1
2018,0,924,7332,2,0,NA,Weliton,0,0,3,104,AdFemFID,4
2018,0,924,7326,1,0,NA,Weliton,0,0,4,167,AdFemFID,6
2018,0,924,7429,2,0,NA,Weliton,0,0,5,19,AdFemFID,4
2019,0,924,7437,3,0,NA,Weliton,0,0,6,160,AdFemFID,2
2019,0,924,7454,1,0,NA,Weliton,0,0,7,22,AdFemFID,6
2018,0,928,7547,1,0,NA,Weliton,0,0,4,93,AdFemFID,5
2018,0,928,7598,1,0,NA,Weliton,0,0,5,4,AdFemFID,7
2018,0,928,7772,1,0,NA,Weliton,0,0,6,166,AdFemFID,5
2018,0,928,7621,1,0,NA,Weliton,0,0,7,26,AdFemFID,8
2019,0,928,7930,1,0,NA,Weliton,0,0,8,157,AdFemFID,3
2019,0,928,7755,3,0,NA,Weliton,0,0,9,20,AdFemFID,3
2018,0,931,8237,2,0,NA,Weliton,0,0,3,312,AdFemFID,20
2018,0,931,8033,1,0,NA,Weliton,0,0,4,33,AdFemFID,7
2019,0,931,8094,3,0,NA,Weliton,0,0,5,148,AdFemFID,6
2019,0,931,8043,2,0,NA,Carolina,0,0,6,0,AdFemFID,10
2018,0,944,8083,1,0,NA,Weliton,0,0,3,275,AdFemFID,8
2018,0,944,8017,1,0,NA,Weliton,0,0,4,27,AdFemFID,3
2019,0,944,8081,2,0,NA,Weliton,0,0,5,148,AdFemFID,3
2019,0,944,8084,2,0,NA,Weliton,0,0,6,19,AdFemFID,3
2018,0,951,7344,1,0,NA,Weliton,0,0,5,94,AdFemFID,4
2018,0,951,6987,1,0,NA,Weliton,0,0,6,1,AdFemFID,9
2018,0,951,7230,1,0,NA,Weliton,0,0,7,3,AdFemFID,1
2018,0,954,7869,1,0,NA,Weliton,0,0,4,90,AdFemFID,3
2018,0,954,7810,1,0,NA,Weliton,0,0,5,11,AdFemFID,4
2018,0,954,7722,2,0,NA,Weliton,0,0,6,167,AdFemFID,3
2018,0,954,7794,1,0,NA,Weliton,0,0,7,20,AdFemFID,9
2019,0,954,7463,1,0,NA,Weliton,0,0,8,157,AdFemFID,3
2019,0,954,7617,1,0,NA,Weliton,0,0,9,22,AdFemFID,6
2018,0,958,7884,1,0,NA,Weliton,0,0,3,136,AdFemFID,10
2018,0,958,7674,2,0,NA,Weliton,0,0,4,167,AdFemFID,10
2018,0,958,7654,2,0,NA,Weliton,0,0,5,25,AdFemFID,7
2018,0,958,7788,1,0,NA,Weliton,0,0,6,3,AdFemFID,5
2019,0,958,7648,2,0,NA,Weliton,0,0,7,149,AdFemFID,9
2019,0,958,7449,2,0,NA,Weliton,0,0,8,19,AdFemFID,14
2017,0,959,7335,3,0,NA,Weliton,0,0,1,500,AdFemFID,1
2017,0,959,7079,1,0,NA,Weliton,0,0,2,10,AdFemFID,1
2018,0,962,8246,2,0,NA,Weliton,0,0,3,271,AdFemFID,17
2018,0,962,8286,3,0,NA,Weliton,0,0,4,40,AdFemFID,18
2019,0,962,8245,1,0,NA,Weliton,0,0,5,153,AdFemFID,21
2019,0,962,8217,1,0,NA,Weliton,0,0,6,2,AdFemFID,24
2017,0,963,7323,1,0,NA,Weliton,0,0,1,500,AdFemFID,5
2017,0,963,7072,2,0,NA,Weliton,0,0,2,115,AdFemFID,11
2018,0,963,7495,1,0,NA,Weliton,0,0,3,98,AdFemFID,7
2018,0,963,7553,1,0,NA,Weliton,0,0,4,3,AdFemFID,10
2018,0,963,7318,1,0,NA,Weliton,0,0,5,151,AdFemFID,5
2018,0,963,7377,1,LPY,NA,Weliton,0,0,6,46,AdFemFID,6
2018,0,963,7477,1,LPY,NA,Weliton,0,0,7,19,AdFemFID,14
2019,0,963,7589,2,0,NA,Carolina,0,0,8,150,AdFemFID,14
2019,0,963,7554,3,0,NA,Carolina,0,0,9,4,AdFemFID,9
2017,0,965,8000,2,0,NA,Weliton,0,0,1,500,AdFemFID,7
2017,0,965,7624,1,LPY,NA,Weliton,0,0,2,111,AdFemFID,3
2018,0,965,7839,1,0,NA,Weliton,0,0,3,101,AdFemFID,0.5
2018,0,965,7765,1,0,NA,Weliton,0,0,4,173,AdFemFID,4
2018,0,965,7619,3,0,NA,Weliton,0,0,5,31,AdFemFID,5
2019,0,965,8046,2,0,NA,Carolina,0,0,6,168,AdFemFID,5
2019,0,965,7402,6,0,NA,Carolina,0,0,7,3,AdFemFID,3
2017,0,970,8371,2,SA,NA,Weliton,0,0,1,500,AdFemFID,12
2017,0,970,8173,2,SA,NA,Weliton,0,0,2,38,AdFemFID,5
2017,0,970,8086,1,0,NA,Weliton,0,0,3,34,AdFemFID,0.5
2018,0,970,8126,2,LPY,NA,Weliton,0,0,4,311,AdFemFID,10
2018,0,970,8228,1,LPY,NA,Weliton,0,0,5,12,AdFemFID,7
2019,0,970,8167,7,0,NA,Carolina,0,0,6,190,AdFemFID,2
2019,0,970,8316,5,0,NA,Carolina,0,0,7,5,AdFemFID,9
2017,0,972,7685,1,0,NA,Weliton,0,0,1,500,AdFemFID,10
2017,0,972,7618,3,0,NA,Weliton,0,0,2,117,AdFemFID,3
2018,0,972,7911,1,0,NA,Weliton,0,0,3,275,AdFemFID,5
2018,0,972,7619,2,0,NA,Weliton,0,0,4,18,AdFemFID,5
2018,0,972,7650,2,0,NA,Weliton,0,0,5,6,AdFemFID,1
2019,0,972,7675,1,0,NA,Carolina,0,0,6,150,AdFemFID,4
2019,0,972,7520,2,0,NA,Carolina,0,0,7,1,AdFemFID,17
2018,0,975,8230,3,0,NA,Weliton,0,0,3,321,AdFemFID,7
2018,0,975,8251,2,0,NA,Weliton,0,0,4,20,AdFemFID,10
2019,0,975,8292,1,0,NA,Weliton,0,0,5,139,AdFemFID,12
2019,0,975,8380,2,0,NA,Weliton,0,0,6,23,AdFemFID,9
2019,0,975,8467,2,0,NA,Weliton,0,0,7,3,AdFemFID,6
2018,0,976,7335,2,0,NA,Weliton,0,0,5,98,AdFemFID,4
2018,0,976,7367,3,0,NA,Weliton,0,0,6,2,AdFemFID,2
2018,0,976,7281,1,0,NA,Weliton,0,0,7,2,AdFemFID,4
2018,0,976,7400,4,0,NA,Weliton,0,0,8,174,AdFemFID,3
2018,0,976,7325,1,0,NA,Weliton,0,0,9,3,AdFemFID,2
2019,0,976,7530,1,0,NA,Weliton,0,0,10,191,AdFemFID,1
2019,0,976,7443,1,0,NA,Weliton,0,0,11,5,AdFemFID,2
2017,0,978,8422,2,0,NA,Weliton,0,0,1,500,AdFemFID,0.5
2018,0,981,8043,1,0,NA,Weliton,0,0,3,145,AdFemFID,8
2018,0,981,8164,2,0,NA,Weliton,0,0,4,167,AdFemFID,2
2018,0,981,8240,1,0,NA,Weliton,0,0,5,33,AdFemFID,3
2019,0,981,8112,2,0,NA,Weliton,0,0,6,148,AdFemFID,5
2019,0,981,8403,2,0,NA,Weliton,0,0,7,19,AdFemFID,13
2017,0,983,7900,2,0,NA,Weliton,0,0,1,500,AdFemFID,2
2018,0,985,7738,1,0,NA,Weliton,0,0,4,93,AdFemFID,8
2018,0,985,7708,1,0,NA,Weliton,0,0,5,177,AdFemFID,9
2018,0,985,7820,2,0,NA,Weliton,0,0,6,29,AdFemFID,5
2019,0,985,8044,2,0,NA,Weliton,0,0,7,150,AdFemFID,3
2019,0,985,7935,1,0,NA,Weliton,0,0,8,16,AdFemFID,4
2017,0,986,8381,1,LPY,NA,Weliton,0,0,1,500,AdFemFID,3
2017,0,986,8111,1,RegPY,NA,Weliton,0,0,2,17,AdFemFID,2
2017,0,986,8211,2,LPY,NA,Weliton,0,0,3,1,AdFemFID,7
2017,0,986,8258,1,LPY,NA,Weliton,0,0,4,20,AdFemFID,3
2017,0,986,8188,2,LPY,NA,Weliton,0,0,5,34,AdFemFID,2
2017,0,986,8089,1,LPY,NA,Weliton,0,0,6,2,AdFemFID,11
2018,0,986,8101,1,0,NA,Weliton,0,0,7,319,AdFemFID,4
2018,0,986,8166,2,0,NA,Weliton,0,0,8,13,AdFemFID,3
2019,0,986,8136,3,0,NA,Carolina,0,0,9,160,AdFemFID,7
2019,0,986,8325,1,0,NA,Weliton,0,0,10,25,AdFemFID,3